"zone","district","maps_general","maps_thai","maps_classical","maps_pop","maps_rock","maps_jazz","map_scan_status","official_crosscheck_status","duplicate_check_status","last_review_date","notes"
"กรุงเทพกลาง","พระนคร","https://www.google.com/maps/search/?api=1&query=%E0%B9%82%E0%B8%A3%E0%B8%87%E0%B9%80%E0%B8%A3%E0%B8%B5%E0%B8%A2%E0%B8%99%E0%B8%94%E0%B8%99%E0%B8%95%E0%B8%A3%E0%B8%B5%20%E0%B9%80%E0%B8%82%E0%B8%95%E0%B8%9E%E0%B8%A3%E0%B8%B0%E0%B8%99%E0%B8%84%E0%B8%A3%20%E0%B8%81%E0%B8%A3%E0%B8%B8%E0%B8%87%E0%B9%80%E0%B8%97%E0%B8%9E%E0%B8%A1%E0%B8%AB%E0%B8%B2%E0%B8%99%E0%B8%84%E0%B8%A3","https://www.google.com/maps/search/?api=1&query=%E0%B9%80%E0%B8%A3%E0%B8%B5%E0%B8%A2%E0%B8%99%E0%B8%94%E0%B8%99%E0%B8%95%E0%B8%A3%E0%B8%B5%E0%B9%84%E0%B8%97%E0%B8%A2%20%E0%B9%80%E0%B8%82%E0%B8%95%E0%B8%9E%E0%B8%A3%E0%B8%B0%E0%B8%99%E0%B8%84%E0%B8%A3%20%E0%B8%81%E0%B8%A3%E0%B8%B8%E0%B8%87%E0%B9%80%E0%B8%97%E0%B8%9E%E0%B8%A1%E0%B8%AB%E0%B8%B2%E0%B8%99%E0%B8%84%E0%B8%A3","https://www.google.com/maps/search/?api=1&query=%E0%B9%80%E0%B8%A3%E0%B8%B5%E0%B8%A2%E0%B8%99%E0%B8%94%E0%B8%99%E0%B8%95%E0%B8%A3%E0%B8%B5%E0%B8%84%E0%B8%A5%E0%B8%B2%E0%B8%AA%E0%B8%AA%E0%B8%B4%E0%B8%81%20%E0%B9%80%E0%B8%82%E0%B8%95%E0%B8%9E%E0%B8%A3%E0%B8%B0%E0%B8%99%E0%B8%84%E0%B8%A3%20%E0%B8%81%E0%B8%A3%E0%B8%B8%E0%B8%87%E0%B9%80%E0%B8%97%E0%B8%9E%E0%B8%A1%E0%B8%AB%E0%B8%B2%E0%B8%99%E0%B8%84%E0%B8%A3","https://www.google.com/maps/search/?api=1&query=%E0%B9%80%E0%B8%A3%E0%B8%B5%E0%B8%A2%E0%B8%99%E0%B8%A3%E0%B9%89%E0%B8%AD%E0%B8%87%E0%B9%80%E0%B8%9E%E0%B8%A5%E0%B8%87%E0%B8%9B%E0%B9%8A%E0%B8%AD%E0%B8%9B%20%E0%B9%80%E0%B8%82%E0%B8%95%E0%B8%9E%E0%B8%A3%E0%B8%B0%E0%B8%99%E0%B8%84%E0%B8%A3%20%E0%B8%81%E0%B8%A3%E0%B8%B8%E0%B8%87%E0%B9%80%E0%B8%97%E0%B8%9E%E0%B8%A1%E0%B8%AB%E0%B8%B2%E0%B8%99%E0%B8%84%E0%B8%A3","https://www.google.com/maps/search/?api=1&query=%E0%B9%80%E0%B8%A3%E0%B8%B5%E0%B8%A2%E0%B8%99%E0%B8%94%E0%B8%99%E0%B8%95%E0%B8%A3%E0%B8%B5%E0%B8%A3%E0%B9%87%E0%B8%AD%E0%B8%81%20%E0%B9%80%E0%B8%82%E0%B8%95%E0%B8%9E%E0%B8%A3%E0%B8%B0%E0%B8%99%E0%B8%84%E0%B8%A3%20%E0%B8%81%E0%B8%A3%E0%B8%B8%E0%B8%87%E0%B9%80%E0%B8%97%E0%B8%9E%E0%B8%A1%E0%B8%AB%E0%B8%B2%E0%B8%99%E0%B8%84%E0%B8%A3","https://www.google.com/maps/search/?api=1&query=%E0%B9%80%E0%B8%A3%E0%B8%B5%E0%B8%A2%E0%B8%99%E0%B8%94%E0%B8%99%E0%B8%95%E0%B8%A3%E0%B8%B5%E0%B9%81%E0%B8%88%E0%B9%8A%E0%B8%AA%20%E0%B9%80%E0%B8%82%E0%B8%95%E0%B8%9E%E0%B8%A3%E0%B8%B0%E0%B8%99%E0%B8%84%E0%B8%A3%20%E0%B8%81%E0%B8%A3%E0%B8%B8%E0%B8%87%E0%B9%80%E0%B8%97%E0%B8%9E%E0%B8%A1%E0%B8%AB%E0%B8%B2%E0%B8%99%E0%B8%84%E0%B8%A3","not_scanned","not_started","not_started","",""
"กรุงเทพกลาง","ดุสิต","https://www.google.com/maps/search/?api=1&query=%E0%B9%82%E0%B8%A3%E0%B8%87%E0%B9%80%E0%B8%A3%E0%B8%B5%E0%B8%A2%E0%B8%99%E0%B8%94%E0%B8%99%E0%B8%95%E0%B8%A3%E0%B8%B5%20%E0%B9%80%E0%B8%82%E0%B8%95%E0%B8%94%E0%B8%B8%E0%B8%AA%E0%B8%B4%E0%B8%95%20%E0%B8%81%E0%B8%A3%E0%B8%B8%E0%B8%87%E0%B9%80%E0%B8%97%E0%B8%9E%E0%B8%A1%E0%B8%AB%E0%B8%B2%E0%B8%99%E0%B8%84%E0%B8%A3","https://www.google.com/maps/search/?api=1&query=%E0%B9%80%E0%B8%A3%E0%B8%B5%E0%B8%A2%E0%B8%99%E0%B8%94%E0%B8%99%E0%B8%95%E0%B8%A3%E0%B8%B5%E0%B9%84%E0%B8%97%E0%B8%A2%20%E0%B9%80%E0%B8%82%E0%B8%95%E0%B8%94%E0%B8%B8%E0%B8%AA%E0%B8%B4%E0%B8%95%20%E0%B8%81%E0%B8%A3%E0%B8%B8%E0%B8%87%E0%B9%80%E0%B8%97%E0%B8%9E%E0%B8%A1%E0%B8%AB%E0%B8%B2%E0%B8%99%E0%B8%84%E0%B8%A3","https://www.google.com/maps/search/?api=1&query=%E0%B9%80%E0%B8%A3%E0%B8%B5%E0%B8%A2%E0%B8%99%E0%B8%94%E0%B8%99%E0%B8%95%E0%B8%A3%E0%B8%B5%E0%B8%84%E0%B8%A5%E0%B8%B2%E0%B8%AA%E0%B8%AA%E0%B8%B4%E0%B8%81%20%E0%B9%80%E0%B8%82%E0%B8%95%E0%B8%94%E0%B8%B8%E0%B8%AA%E0%B8%B4%E0%B8%95%20%E0%B8%81%E0%B8%A3%E0%B8%B8%E0%B8%87%E0%B9%80%E0%B8%97%E0%B8%9E%E0%B8%A1%E0%B8%AB%E0%B8%B2%E0%B8%99%E0%B8%84%E0%B8%A3","https://www.google.com/maps/search/?api=1&query=%E0%B9%80%E0%B8%A3%E0%B8%B5%E0%B8%A2%E0%B8%99%E0%B8%A3%E0%B9%89%E0%B8%AD%E0%B8%87%E0%B9%80%E0%B8%9E%E0%B8%A5%E0%B8%87%E0%B8%9B%E0%B9%8A%E0%B8%AD%E0%B8%9B%20%E0%B9%80%E0%B8%82%E0%B8%95%E0%B8%94%E0%B8%B8%E0%B8%AA%E0%B8%B4%E0%B8%95%20%E0%B8%81%E0%B8%A3%E0%B8%B8%E0%B8%87%E0%B9%80%E0%B8%97%E0%B8%9E%E0%B8%A1%E0%B8%AB%E0%B8%B2%E0%B8%99%E0%B8%84%E0%B8%A3","https://www.google.com/maps/search/?api=1&query=%E0%B9%80%E0%B8%A3%E0%B8%B5%E0%B8%A2%E0%B8%99%E0%B8%94%E0%B8%99%E0%B8%95%E0%B8%A3%E0%B8%B5%E0%B8%A3%E0%B9%87%E0%B8%AD%E0%B8%81%20%E0%B9%80%E0%B8%82%E0%B8%95%E0%B8%94%E0%B8%B8%E0%B8%AA%E0%B8%B4%E0%B8%95%20%E0%B8%81%E0%B8%A3%E0%B8%B8%E0%B8%87%E0%B9%80%E0%B8%97%E0%B8%9E%E0%B8%A1%E0%B8%AB%E0%B8%B2%E0%B8%99%E0%B8%84%E0%B8%A3","https://www.google.com/maps/search/?api=1&query=%E0%B9%80%E0%B8%A3%E0%B8%B5%E0%B8%A2%E0%B8%99%E0%B8%94%E0%B8%99%E0%B8%95%E0%B8%A3%E0%B8%B5%E0%B9%81%E0%B8%88%E0%B9%8A%E0%B8%AA%20%E0%B9%80%E0%B8%82%E0%B8%95%E0%B8%94%E0%B8%B8%E0%B8%AA%E0%B8%B4%E0%B8%95%20%E0%B8%81%E0%B8%A3%E0%B8%B8%E0%B8%87%E0%B9%80%E0%B8%97%E0%B8%9E%E0%B8%A1%E0%B8%AB%E0%B8%B2%E0%B8%99%E0%B8%84%E0%B8%A3","not_scanned","not_started","not_started","",""
"กรุงเทพกลาง","ป้อมปราบศัตรูพ่าย","https://www.google.com/maps/search/?api=1&query=%E0%B9%82%E0%B8%A3%E0%B8%87%E0%B9%80%E0%B8%A3%E0%B8%B5%E0%B8%A2%E0%B8%99%E0%B8%94%E0%B8%99%E0%B8%95%E0%B8%A3%E0%B8%B5%20%E0%B9%80%E0%B8%82%E0%B8%95%E0%B8%9B%E0%B9%89%E0%B8%AD%E0%B8%A1%E0%B8%9B%E0%B8%A3%E0%B8%B2%E0%B8%9A%E0%B8%A8%E0%B8%B1%E0%B8%95%E0%B8%A3%E0%B8%B9%E0%B8%9E%E0%B9%88%E0%B8%B2%E0%B8%A2%20%E0%B8%81%E0%B8%A3%E0%B8%B8%E0%B8%87%E0%B9%80%E0%B8%97%E0%B8%9E%E0%B8%A1%E0%B8%AB%E0%B8%B2%E0%B8%99%E0%B8%84%E0%B8%A3","https://www.google.com/maps/search/?api=1&query=%E0%B9%80%E0%B8%A3%E0%B8%B5%E0%B8%A2%E0%B8%99%E0%B8%94%E0%B8%99%E0%B8%95%E0%B8%A3%E0%B8%B5%E0%B9%84%E0%B8%97%E0%B8%A2%20%E0%B9%80%E0%B8%82%E0%B8%95%E0%B8%9B%E0%B9%89%E0%B8%AD%E0%B8%A1%E0%B8%9B%E0%B8%A3%E0%B8%B2%E0%B8%9A%E0%B8%A8%E0%B8%B1%E0%B8%95%E0%B8%A3%E0%B8%B9%E0%B8%9E%E0%B9%88%E0%B8%B2%E0%B8%A2%20%E0%B8%81%E0%B8%A3%E0%B8%B8%E0%B8%87%E0%B9%80%E0%B8%97%E0%B8%9E%E0%B8%A1%E0%B8%AB%E0%B8%B2%E0%B8%99%E0%B8%84%E0%B8%A3","https://www.google.com/maps/search/?api=1&query=%E0%B9%80%E0%B8%A3%E0%B8%B5%E0%B8%A2%E0%B8%99%E0%B8%94%E0%B8%99%E0%B8%95%E0%B8%A3%E0%B8%B5%E0%B8%84%E0%B8%A5%E0%B8%B2%E0%B8%AA%E0%B8%AA%E0%B8%B4%E0%B8%81%20%E0%B9%80%E0%B8%82%E0%B8%95%E0%B8%9B%E0%B9%89%E0%B8%AD%E0%B8%A1%E0%B8%9B%E0%B8%A3%E0%B8%B2%E0%B8%9A%E0%B8%A8%E0%B8%B1%E0%B8%95%E0%B8%A3%E0%B8%B9%E0%B8%9E%E0%B9%88%E0%B8%B2%E0%B8%A2%20%E0%B8%81%E0%B8%A3%E0%B8%B8%E0%B8%87%E0%B9%80%E0%B8%97%E0%B8%9E%E0%B8%A1%E0%B8%AB%E0%B8%B2%E0%B8%99%E0%B8%84%E0%B8%A3","https://www.google.com/maps/search/?api=1&query=%E0%B9%80%E0%B8%A3%E0%B8%B5%E0%B8%A2%E0%B8%99%E0%B8%A3%E0%B9%89%E0%B8%AD%E0%B8%87%E0%B9%80%E0%B8%9E%E0%B8%A5%E0%B8%87%E0%B8%9B%E0%B9%8A%E0%B8%AD%E0%B8%9B%20%E0%B9%80%E0%B8%82%E0%B8%95%E0%B8%9B%E0%B9%89%E0%B8%AD%E0%B8%A1%E0%B8%9B%E0%B8%A3%E0%B8%B2%E0%B8%9A%E0%B8%A8%E0%B8%B1%E0%B8%95%E0%B8%A3%E0%B8%B9%E0%B8%9E%E0%B9%88%E0%B8%B2%E0%B8%A2%20%E0%B8%81%E0%B8%A3%E0%B8%B8%E0%B8%87%E0%B9%80%E0%B8%97%E0%B8%9E%E0%B8%A1%E0%B8%AB%E0%B8%B2%E0%B8%99%E0%B8%84%E0%B8%A3","https://www.google.com/maps/search/?api=1&query=%E0%B9%80%E0%B8%A3%E0%B8%B5%E0%B8%A2%E0%B8%99%E0%B8%94%E0%B8%99%E0%B8%95%E0%B8%A3%E0%B8%B5%E0%B8%A3%E0%B9%87%E0%B8%AD%E0%B8%81%20%E0%B9%80%E0%B8%82%E0%B8%95%E0%B8%9B%E0%B9%89%E0%B8%AD%E0%B8%A1%E0%B8%9B%E0%B8%A3%E0%B8%B2%E0%B8%9A%E0%B8%A8%E0%B8%B1%E0%B8%95%E0%B8%A3%E0%B8%B9%E0%B8%9E%E0%B9%88%E0%B8%B2%E0%B8%A2%20%E0%B8%81%E0%B8%A3%E0%B8%B8%E0%B8%87%E0%B9%80%E0%B8%97%E0%B8%9E%E0%B8%A1%E0%B8%AB%E0%B8%B2%E0%B8%99%E0%B8%84%E0%B8%A3","https://www.google.com/maps/search/?api=1&query=%E0%B9%80%E0%B8%A3%E0%B8%B5%E0%B8%A2%E0%B8%99%E0%B8%94%E0%B8%99%E0%B8%95%E0%B8%A3%E0%B8%B5%E0%B9%81%E0%B8%88%E0%B9%8A%E0%B8%AA%20%E0%B9%80%E0%B8%82%E0%B8%95%E0%B8%9B%E0%B9%89%E0%B8%AD%E0%B8%A1%E0%B8%9B%E0%B8%A3%E0%B8%B2%E0%B8%9A%E0%B8%A8%E0%B8%B1%E0%B8%95%E0%B8%A3%E0%B8%B9%E0%B8%9E%E0%B9%88%E0%B8%B2%E0%B8%A2%20%E0%B8%81%E0%B8%A3%E0%B8%B8%E0%B8%87%E0%B9%80%E0%B8%97%E0%B8%9E%E0%B8%A1%E0%B8%AB%E0%B8%B2%E0%B8%99%E0%B8%84%E0%B8%A3","not_scanned","not_started","not_started","",""
"กรุงเทพกลาง","สัมพันธวงศ์","https://www.google.com/maps/search/?api=1&query=%E0%B9%82%E0%B8%A3%E0%B8%87%E0%B9%80%E0%B8%A3%E0%B8%B5%E0%B8%A2%E0%B8%99%E0%B8%94%E0%B8%99%E0%B8%95%E0%B8%A3%E0%B8%B5%20%E0%B9%80%E0%B8%82%E0%B8%95%E0%B8%AA%E0%B8%B1%E0%B8%A1%E0%B8%9E%E0%B8%B1%E0%B8%99%E0%B8%98%E0%B8%A7%E0%B8%87%E0%B8%A8%E0%B9%8C%20%E0%B8%81%E0%B8%A3%E0%B8%B8%E0%B8%87%E0%B9%80%E0%B8%97%E0%B8%9E%E0%B8%A1%E0%B8%AB%E0%B8%B2%E0%B8%99%E0%B8%84%E0%B8%A3","https://www.google.com/maps/search/?api=1&query=%E0%B9%80%E0%B8%A3%E0%B8%B5%E0%B8%A2%E0%B8%99%E0%B8%94%E0%B8%99%E0%B8%95%E0%B8%A3%E0%B8%B5%E0%B9%84%E0%B8%97%E0%B8%A2%20%E0%B9%80%E0%B8%82%E0%B8%95%E0%B8%AA%E0%B8%B1%E0%B8%A1%E0%B8%9E%E0%B8%B1%E0%B8%99%E0%B8%98%E0%B8%A7%E0%B8%87%E0%B8%A8%E0%B9%8C%20%E0%B8%81%E0%B8%A3%E0%B8%B8%E0%B8%87%E0%B9%80%E0%B8%97%E0%B8%9E%E0%B8%A1%E0%B8%AB%E0%B8%B2%E0%B8%99%E0%B8%84%E0%B8%A3","https://www.google.com/maps/search/?api=1&query=%E0%B9%80%E0%B8%A3%E0%B8%B5%E0%B8%A2%E0%B8%99%E0%B8%94%E0%B8%99%E0%B8%95%E0%B8%A3%E0%B8%B5%E0%B8%84%E0%B8%A5%E0%B8%B2%E0%B8%AA%E0%B8%AA%E0%B8%B4%E0%B8%81%20%E0%B9%80%E0%B8%82%E0%B8%95%E0%B8%AA%E0%B8%B1%E0%B8%A1%E0%B8%9E%E0%B8%B1%E0%B8%99%E0%B8%98%E0%B8%A7%E0%B8%87%E0%B8%A8%E0%B9%8C%20%E0%B8%81%E0%B8%A3%E0%B8%B8%E0%B8%87%E0%B9%80%E0%B8%97%E0%B8%9E%E0%B8%A1%E0%B8%AB%E0%B8%B2%E0%B8%99%E0%B8%84%E0%B8%A3","https://www.google.com/maps/search/?api=1&query=%E0%B9%80%E0%B8%A3%E0%B8%B5%E0%B8%A2%E0%B8%99%E0%B8%A3%E0%B9%89%E0%B8%AD%E0%B8%87%E0%B9%80%E0%B8%9E%E0%B8%A5%E0%B8%87%E0%B8%9B%E0%B9%8A%E0%B8%AD%E0%B8%9B%20%E0%B9%80%E0%B8%82%E0%B8%95%E0%B8%AA%E0%B8%B1%E0%B8%A1%E0%B8%9E%E0%B8%B1%E0%B8%99%E0%B8%98%E0%B8%A7%E0%B8%87%E0%B8%A8%E0%B9%8C%20%E0%B8%81%E0%B8%A3%E0%B8%B8%E0%B8%87%E0%B9%80%E0%B8%97%E0%B8%9E%E0%B8%A1%E0%B8%AB%E0%B8%B2%E0%B8%99%E0%B8%84%E0%B8%A3","https://www.google.com/maps/search/?api=1&query=%E0%B9%80%E0%B8%A3%E0%B8%B5%E0%B8%A2%E0%B8%99%E0%B8%94%E0%B8%99%E0%B8%95%E0%B8%A3%E0%B8%B5%E0%B8%A3%E0%B9%87%E0%B8%AD%E0%B8%81%20%E0%B9%80%E0%B8%82%E0%B8%95%E0%B8%AA%E0%B8%B1%E0%B8%A1%E0%B8%9E%E0%B8%B1%E0%B8%99%E0%B8%98%E0%B8%A7%E0%B8%87%E0%B8%A8%E0%B9%8C%20%E0%B8%81%E0%B8%A3%E0%B8%B8%E0%B8%87%E0%B9%80%E0%B8%97%E0%B8%9E%E0%B8%A1%E0%B8%AB%E0%B8%B2%E0%B8%99%E0%B8%84%E0%B8%A3","https://www.google.com/maps/search/?api=1&query=%E0%B9%80%E0%B8%A3%E0%B8%B5%E0%B8%A2%E0%B8%99%E0%B8%94%E0%B8%99%E0%B8%95%E0%B8%A3%E0%B8%B5%E0%B9%81%E0%B8%88%E0%B9%8A%E0%B8%AA%20%E0%B9%80%E0%B8%82%E0%B8%95%E0%B8%AA%E0%B8%B1%E0%B8%A1%E0%B8%9E%E0%B8%B1%E0%B8%99%E0%B8%98%E0%B8%A7%E0%B8%87%E0%B8%A8%E0%B9%8C%20%E0%B8%81%E0%B8%A3%E0%B8%B8%E0%B8%87%E0%B9%80%E0%B8%97%E0%B8%9E%E0%B8%A1%E0%B8%AB%E0%B8%B2%E0%B8%99%E0%B8%84%E0%B8%A3","not_scanned","not_started","not_started","",""
"กรุงเทพกลาง","ดินแดง","https://www.google.com/maps/search/?api=1&query=%E0%B9%82%E0%B8%A3%E0%B8%87%E0%B9%80%E0%B8%A3%E0%B8%B5%E0%B8%A2%E0%B8%99%E0%B8%94%E0%B8%99%E0%B8%95%E0%B8%A3%E0%B8%B5%20%E0%B9%80%E0%B8%82%E0%B8%95%E0%B8%94%E0%B8%B4%E0%B8%99%E0%B9%81%E0%B8%94%E0%B8%87%20%E0%B8%81%E0%B8%A3%E0%B8%B8%E0%B8%87%E0%B9%80%E0%B8%97%E0%B8%9E%E0%B8%A1%E0%B8%AB%E0%B8%B2%E0%B8%99%E0%B8%84%E0%B8%A3","https://www.google.com/maps/search/?api=1&query=%E0%B9%80%E0%B8%A3%E0%B8%B5%E0%B8%A2%E0%B8%99%E0%B8%94%E0%B8%99%E0%B8%95%E0%B8%A3%E0%B8%B5%E0%B9%84%E0%B8%97%E0%B8%A2%20%E0%B9%80%E0%B8%82%E0%B8%95%E0%B8%94%E0%B8%B4%E0%B8%99%E0%B9%81%E0%B8%94%E0%B8%87%20%E0%B8%81%E0%B8%A3%E0%B8%B8%E0%B8%87%E0%B9%80%E0%B8%97%E0%B8%9E%E0%B8%A1%E0%B8%AB%E0%B8%B2%E0%B8%99%E0%B8%84%E0%B8%A3","https://www.google.com/maps/search/?api=1&query=%E0%B9%80%E0%B8%A3%E0%B8%B5%E0%B8%A2%E0%B8%99%E0%B8%94%E0%B8%99%E0%B8%95%E0%B8%A3%E0%B8%B5%E0%B8%84%E0%B8%A5%E0%B8%B2%E0%B8%AA%E0%B8%AA%E0%B8%B4%E0%B8%81%20%E0%B9%80%E0%B8%82%E0%B8%95%E0%B8%94%E0%B8%B4%E0%B8%99%E0%B9%81%E0%B8%94%E0%B8%87%20%E0%B8%81%E0%B8%A3%E0%B8%B8%E0%B8%87%E0%B9%80%E0%B8%97%E0%B8%9E%E0%B8%A1%E0%B8%AB%E0%B8%B2%E0%B8%99%E0%B8%84%E0%B8%A3","https://www.google.com/maps/search/?api=1&query=%E0%B9%80%E0%B8%A3%E0%B8%B5%E0%B8%A2%E0%B8%99%E0%B8%A3%E0%B9%89%E0%B8%AD%E0%B8%87%E0%B9%80%E0%B8%9E%E0%B8%A5%E0%B8%87%E0%B8%9B%E0%B9%8A%E0%B8%AD%E0%B8%9B%20%E0%B9%80%E0%B8%82%E0%B8%95%E0%B8%94%E0%B8%B4%E0%B8%99%E0%B9%81%E0%B8%94%E0%B8%87%20%E0%B8%81%E0%B8%A3%E0%B8%B8%E0%B8%87%E0%B9%80%E0%B8%97%E0%B8%9E%E0%B8%A1%E0%B8%AB%E0%B8%B2%E0%B8%99%E0%B8%84%E0%B8%A3","https://www.google.com/maps/search/?api=1&query=%E0%B9%80%E0%B8%A3%E0%B8%B5%E0%B8%A2%E0%B8%99%E0%B8%94%E0%B8%99%E0%B8%95%E0%B8%A3%E0%B8%B5%E0%B8%A3%E0%B9%87%E0%B8%AD%E0%B8%81%20%E0%B9%80%E0%B8%82%E0%B8%95%E0%B8%94%E0%B8%B4%E0%B8%99%E0%B9%81%E0%B8%94%E0%B8%87%20%E0%B8%81%E0%B8%A3%E0%B8%B8%E0%B8%87%E0%B9%80%E0%B8%97%E0%B8%9E%E0%B8%A1%E0%B8%AB%E0%B8%B2%E0%B8%99%E0%B8%84%E0%B8%A3","https://www.google.com/maps/search/?api=1&query=%E0%B9%80%E0%B8%A3%E0%B8%B5%E0%B8%A2%E0%B8%99%E0%B8%94%E0%B8%99%E0%B8%95%E0%B8%A3%E0%B8%B5%E0%B9%81%E0%B8%88%E0%B9%8A%E0%B8%AA%20%E0%B9%80%E0%B8%82%E0%B8%95%E0%B8%94%E0%B8%B4%E0%B8%99%E0%B9%81%E0%B8%94%E0%B8%87%20%E0%B8%81%E0%B8%A3%E0%B8%B8%E0%B8%87%E0%B9%80%E0%B8%97%E0%B8%9E%E0%B8%A1%E0%B8%AB%E0%B8%B2%E0%B8%99%E0%B8%84%E0%B8%A3","not_scanned","not_started","not_started","",""
"กรุงเทพกลาง","ห้วยขวาง","https://www.google.com/maps/search/?api=1&query=%E0%B9%82%E0%B8%A3%E0%B8%87%E0%B9%80%E0%B8%A3%E0%B8%B5%E0%B8%A2%E0%B8%99%E0%B8%94%E0%B8%99%E0%B8%95%E0%B8%A3%E0%B8%B5%20%E0%B9%80%E0%B8%82%E0%B8%95%E0%B8%AB%E0%B9%89%E0%B8%A7%E0%B8%A2%E0%B8%82%E0%B8%A7%E0%B8%B2%E0%B8%87%20%E0%B8%81%E0%B8%A3%E0%B8%B8%E0%B8%87%E0%B9%80%E0%B8%97%E0%B8%9E%E0%B8%A1%E0%B8%AB%E0%B8%B2%E0%B8%99%E0%B8%84%E0%B8%A3","https://www.google.com/maps/search/?api=1&query=%E0%B9%80%E0%B8%A3%E0%B8%B5%E0%B8%A2%E0%B8%99%E0%B8%94%E0%B8%99%E0%B8%95%E0%B8%A3%E0%B8%B5%E0%B9%84%E0%B8%97%E0%B8%A2%20%E0%B9%80%E0%B8%82%E0%B8%95%E0%B8%AB%E0%B9%89%E0%B8%A7%E0%B8%A2%E0%B8%82%E0%B8%A7%E0%B8%B2%E0%B8%87%20%E0%B8%81%E0%B8%A3%E0%B8%B8%E0%B8%87%E0%B9%80%E0%B8%97%E0%B8%9E%E0%B8%A1%E0%B8%AB%E0%B8%B2%E0%B8%99%E0%B8%84%E0%B8%A3","https://www.google.com/maps/search/?api=1&query=%E0%B9%80%E0%B8%A3%E0%B8%B5%E0%B8%A2%E0%B8%99%E0%B8%94%E0%B8%99%E0%B8%95%E0%B8%A3%E0%B8%B5%E0%B8%84%E0%B8%A5%E0%B8%B2%E0%B8%AA%E0%B8%AA%E0%B8%B4%E0%B8%81%20%E0%B9%80%E0%B8%82%E0%B8%95%E0%B8%AB%E0%B9%89%E0%B8%A7%E0%B8%A2%E0%B8%82%E0%B8%A7%E0%B8%B2%E0%B8%87%20%E0%B8%81%E0%B8%A3%E0%B8%B8%E0%B8%87%E0%B9%80%E0%B8%97%E0%B8%9E%E0%B8%A1%E0%B8%AB%E0%B8%B2%E0%B8%99%E0%B8%84%E0%B8%A3","https://www.google.com/maps/search/?api=1&query=%E0%B9%80%E0%B8%A3%E0%B8%B5%E0%B8%A2%E0%B8%99%E0%B8%A3%E0%B9%89%E0%B8%AD%E0%B8%87%E0%B9%80%E0%B8%9E%E0%B8%A5%E0%B8%87%E0%B8%9B%E0%B9%8A%E0%B8%AD%E0%B8%9B%20%E0%B9%80%E0%B8%82%E0%B8%95%E0%B8%AB%E0%B9%89%E0%B8%A7%E0%B8%A2%E0%B8%82%E0%B8%A7%E0%B8%B2%E0%B8%87%20%E0%B8%81%E0%B8%A3%E0%B8%B8%E0%B8%87%E0%B9%80%E0%B8%97%E0%B8%9E%E0%B8%A1%E0%B8%AB%E0%B8%B2%E0%B8%99%E0%B8%84%E0%B8%A3","https://www.google.com/maps/search/?api=1&query=%E0%B9%80%E0%B8%A3%E0%B8%B5%E0%B8%A2%E0%B8%99%E0%B8%94%E0%B8%99%E0%B8%95%E0%B8%A3%E0%B8%B5%E0%B8%A3%E0%B9%87%E0%B8%AD%E0%B8%81%20%E0%B9%80%E0%B8%82%E0%B8%95%E0%B8%AB%E0%B9%89%E0%B8%A7%E0%B8%A2%E0%B8%82%E0%B8%A7%E0%B8%B2%E0%B8%87%20%E0%B8%81%E0%B8%A3%E0%B8%B8%E0%B8%87%E0%B9%80%E0%B8%97%E0%B8%9E%E0%B8%A1%E0%B8%AB%E0%B8%B2%E0%B8%99%E0%B8%84%E0%B8%A3","https://www.google.com/maps/search/?api=1&query=%E0%B9%80%E0%B8%A3%E0%B8%B5%E0%B8%A2%E0%B8%99%E0%B8%94%E0%B8%99%E0%B8%95%E0%B8%A3%E0%B8%B5%E0%B9%81%E0%B8%88%E0%B9%8A%E0%B8%AA%20%E0%B9%80%E0%B8%82%E0%B8%95%E0%B8%AB%E0%B9%89%E0%B8%A7%E0%B8%A2%E0%B8%82%E0%B8%A7%E0%B8%B2%E0%B8%87%20%E0%B8%81%E0%B8%A3%E0%B8%B8%E0%B8%87%E0%B9%80%E0%B8%97%E0%B8%9E%E0%B8%A1%E0%B8%AB%E0%B8%B2%E0%B8%99%E0%B8%84%E0%B8%A3","not_scanned","not_started","not_started","",""
"กรุงเทพกลาง","พญาไท","https://www.google.com/maps/search/?api=1&query=%E0%B9%82%E0%B8%A3%E0%B8%87%E0%B9%80%E0%B8%A3%E0%B8%B5%E0%B8%A2%E0%B8%99%E0%B8%94%E0%B8%99%E0%B8%95%E0%B8%A3%E0%B8%B5%20%E0%B9%80%E0%B8%82%E0%B8%95%E0%B8%9E%E0%B8%8D%E0%B8%B2%E0%B9%84%E0%B8%97%20%E0%B8%81%E0%B8%A3%E0%B8%B8%E0%B8%87%E0%B9%80%E0%B8%97%E0%B8%9E%E0%B8%A1%E0%B8%AB%E0%B8%B2%E0%B8%99%E0%B8%84%E0%B8%A3","https://www.google.com/maps/search/?api=1&query=%E0%B9%80%E0%B8%A3%E0%B8%B5%E0%B8%A2%E0%B8%99%E0%B8%94%E0%B8%99%E0%B8%95%E0%B8%A3%E0%B8%B5%E0%B9%84%E0%B8%97%E0%B8%A2%20%E0%B9%80%E0%B8%82%E0%B8%95%E0%B8%9E%E0%B8%8D%E0%B8%B2%E0%B9%84%E0%B8%97%20%E0%B8%81%E0%B8%A3%E0%B8%B8%E0%B8%87%E0%B9%80%E0%B8%97%E0%B8%9E%E0%B8%A1%E0%B8%AB%E0%B8%B2%E0%B8%99%E0%B8%84%E0%B8%A3","https://www.google.com/maps/search/?api=1&query=%E0%B9%80%E0%B8%A3%E0%B8%B5%E0%B8%A2%E0%B8%99%E0%B8%94%E0%B8%99%E0%B8%95%E0%B8%A3%E0%B8%B5%E0%B8%84%E0%B8%A5%E0%B8%B2%E0%B8%AA%E0%B8%AA%E0%B8%B4%E0%B8%81%20%E0%B9%80%E0%B8%82%E0%B8%95%E0%B8%9E%E0%B8%8D%E0%B8%B2%E0%B9%84%E0%B8%97%20%E0%B8%81%E0%B8%A3%E0%B8%B8%E0%B8%87%E0%B9%80%E0%B8%97%E0%B8%9E%E0%B8%A1%E0%B8%AB%E0%B8%B2%E0%B8%99%E0%B8%84%E0%B8%A3","https://www.google.com/maps/search/?api=1&query=%E0%B9%80%E0%B8%A3%E0%B8%B5%E0%B8%A2%E0%B8%99%E0%B8%A3%E0%B9%89%E0%B8%AD%E0%B8%87%E0%B9%80%E0%B8%9E%E0%B8%A5%E0%B8%87%E0%B8%9B%E0%B9%8A%E0%B8%AD%E0%B8%9B%20%E0%B9%80%E0%B8%82%E0%B8%95%E0%B8%9E%E0%B8%8D%E0%B8%B2%E0%B9%84%E0%B8%97%20%E0%B8%81%E0%B8%A3%E0%B8%B8%E0%B8%87%E0%B9%80%E0%B8%97%E0%B8%9E%E0%B8%A1%E0%B8%AB%E0%B8%B2%E0%B8%99%E0%B8%84%E0%B8%A3","https://www.google.com/maps/search/?api=1&query=%E0%B9%80%E0%B8%A3%E0%B8%B5%E0%B8%A2%E0%B8%99%E0%B8%94%E0%B8%99%E0%B8%95%E0%B8%A3%E0%B8%B5%E0%B8%A3%E0%B9%87%E0%B8%AD%E0%B8%81%20%E0%B9%80%E0%B8%82%E0%B8%95%E0%B8%9E%E0%B8%8D%E0%B8%B2%E0%B9%84%E0%B8%97%20%E0%B8%81%E0%B8%A3%E0%B8%B8%E0%B8%87%E0%B9%80%E0%B8%97%E0%B8%9E%E0%B8%A1%E0%B8%AB%E0%B8%B2%E0%B8%99%E0%B8%84%E0%B8%A3","https://www.google.com/maps/search/?api=1&query=%E0%B9%80%E0%B8%A3%E0%B8%B5%E0%B8%A2%E0%B8%99%E0%B8%94%E0%B8%99%E0%B8%95%E0%B8%A3%E0%B8%B5%E0%B9%81%E0%B8%88%E0%B9%8A%E0%B8%AA%20%E0%B9%80%E0%B8%82%E0%B8%95%E0%B8%9E%E0%B8%8D%E0%B8%B2%E0%B9%84%E0%B8%97%20%E0%B8%81%E0%B8%A3%E0%B8%B8%E0%B8%87%E0%B9%80%E0%B8%97%E0%B8%9E%E0%B8%A1%E0%B8%AB%E0%B8%B2%E0%B8%99%E0%B8%84%E0%B8%A3","not_scanned","not_started","not_started","",""
"กรุงเทพกลาง","ราชเทวี","https://www.google.com/maps/search/?api=1&query=%E0%B9%82%E0%B8%A3%E0%B8%87%E0%B9%80%E0%B8%A3%E0%B8%B5%E0%B8%A2%E0%B8%99%E0%B8%94%E0%B8%99%E0%B8%95%E0%B8%A3%E0%B8%B5%20%E0%B9%80%E0%B8%82%E0%B8%95%E0%B8%A3%E0%B8%B2%E0%B8%8A%E0%B9%80%E0%B8%97%E0%B8%A7%E0%B8%B5%20%E0%B8%81%E0%B8%A3%E0%B8%B8%E0%B8%87%E0%B9%80%E0%B8%97%E0%B8%9E%E0%B8%A1%E0%B8%AB%E0%B8%B2%E0%B8%99%E0%B8%84%E0%B8%A3","https://www.google.com/maps/search/?api=1&query=%E0%B9%80%E0%B8%A3%E0%B8%B5%E0%B8%A2%E0%B8%99%E0%B8%94%E0%B8%99%E0%B8%95%E0%B8%A3%E0%B8%B5%E0%B9%84%E0%B8%97%E0%B8%A2%20%E0%B9%80%E0%B8%82%E0%B8%95%E0%B8%A3%E0%B8%B2%E0%B8%8A%E0%B9%80%E0%B8%97%E0%B8%A7%E0%B8%B5%20%E0%B8%81%E0%B8%A3%E0%B8%B8%E0%B8%87%E0%B9%80%E0%B8%97%E0%B8%9E%E0%B8%A1%E0%B8%AB%E0%B8%B2%E0%B8%99%E0%B8%84%E0%B8%A3","https://www.google.com/maps/search/?api=1&query=%E0%B9%80%E0%B8%A3%E0%B8%B5%E0%B8%A2%E0%B8%99%E0%B8%94%E0%B8%99%E0%B8%95%E0%B8%A3%E0%B8%B5%E0%B8%84%E0%B8%A5%E0%B8%B2%E0%B8%AA%E0%B8%AA%E0%B8%B4%E0%B8%81%20%E0%B9%80%E0%B8%82%E0%B8%95%E0%B8%A3%E0%B8%B2%E0%B8%8A%E0%B9%80%E0%B8%97%E0%B8%A7%E0%B8%B5%20%E0%B8%81%E0%B8%A3%E0%B8%B8%E0%B8%87%E0%B9%80%E0%B8%97%E0%B8%9E%E0%B8%A1%E0%B8%AB%E0%B8%B2%E0%B8%99%E0%B8%84%E0%B8%A3","https://www.google.com/maps/search/?api=1&query=%E0%B9%80%E0%B8%A3%E0%B8%B5%E0%B8%A2%E0%B8%99%E0%B8%A3%E0%B9%89%E0%B8%AD%E0%B8%87%E0%B9%80%E0%B8%9E%E0%B8%A5%E0%B8%87%E0%B8%9B%E0%B9%8A%E0%B8%AD%E0%B8%9B%20%E0%B9%80%E0%B8%82%E0%B8%95%E0%B8%A3%E0%B8%B2%E0%B8%8A%E0%B9%80%E0%B8%97%E0%B8%A7%E0%B8%B5%20%E0%B8%81%E0%B8%A3%E0%B8%B8%E0%B8%87%E0%B9%80%E0%B8%97%E0%B8%9E%E0%B8%A1%E0%B8%AB%E0%B8%B2%E0%B8%99%E0%B8%84%E0%B8%A3","https://www.google.com/maps/search/?api=1&query=%E0%B9%80%E0%B8%A3%E0%B8%B5%E0%B8%A2%E0%B8%99%E0%B8%94%E0%B8%99%E0%B8%95%E0%B8%A3%E0%B8%B5%E0%B8%A3%E0%B9%87%E0%B8%AD%E0%B8%81%20%E0%B9%80%E0%B8%82%E0%B8%95%E0%B8%A3%E0%B8%B2%E0%B8%8A%E0%B9%80%E0%B8%97%E0%B8%A7%E0%B8%B5%20%E0%B8%81%E0%B8%A3%E0%B8%B8%E0%B8%87%E0%B9%80%E0%B8%97%E0%B8%9E%E0%B8%A1%E0%B8%AB%E0%B8%B2%E0%B8%99%E0%B8%84%E0%B8%A3","https://www.google.com/maps/search/?api=1&query=%E0%B9%80%E0%B8%A3%E0%B8%B5%E0%B8%A2%E0%B8%99%E0%B8%94%E0%B8%99%E0%B8%95%E0%B8%A3%E0%B8%B5%E0%B9%81%E0%B8%88%E0%B9%8A%E0%B8%AA%20%E0%B9%80%E0%B8%82%E0%B8%95%E0%B8%A3%E0%B8%B2%E0%B8%8A%E0%B9%80%E0%B8%97%E0%B8%A7%E0%B8%B5%20%E0%B8%81%E0%B8%A3%E0%B8%B8%E0%B8%87%E0%B9%80%E0%B8%97%E0%B8%9E%E0%B8%A1%E0%B8%AB%E0%B8%B2%E0%B8%99%E0%B8%84%E0%B8%A3","not_scanned","not_started","not_started","",""
"กรุงเทพกลาง","วังทองหลาง","https://www.google.com/maps/search/?api=1&query=%E0%B9%82%E0%B8%A3%E0%B8%87%E0%B9%80%E0%B8%A3%E0%B8%B5%E0%B8%A2%E0%B8%99%E0%B8%94%E0%B8%99%E0%B8%95%E0%B8%A3%E0%B8%B5%20%E0%B9%80%E0%B8%82%E0%B8%95%E0%B8%A7%E0%B8%B1%E0%B8%87%E0%B8%97%E0%B8%AD%E0%B8%87%E0%B8%AB%E0%B8%A5%E0%B8%B2%E0%B8%87%20%E0%B8%81%E0%B8%A3%E0%B8%B8%E0%B8%87%E0%B9%80%E0%B8%97%E0%B8%9E%E0%B8%A1%E0%B8%AB%E0%B8%B2%E0%B8%99%E0%B8%84%E0%B8%A3","https://www.google.com/maps/search/?api=1&query=%E0%B9%80%E0%B8%A3%E0%B8%B5%E0%B8%A2%E0%B8%99%E0%B8%94%E0%B8%99%E0%B8%95%E0%B8%A3%E0%B8%B5%E0%B9%84%E0%B8%97%E0%B8%A2%20%E0%B9%80%E0%B8%82%E0%B8%95%E0%B8%A7%E0%B8%B1%E0%B8%87%E0%B8%97%E0%B8%AD%E0%B8%87%E0%B8%AB%E0%B8%A5%E0%B8%B2%E0%B8%87%20%E0%B8%81%E0%B8%A3%E0%B8%B8%E0%B8%87%E0%B9%80%E0%B8%97%E0%B8%9E%E0%B8%A1%E0%B8%AB%E0%B8%B2%E0%B8%99%E0%B8%84%E0%B8%A3","https://www.google.com/maps/search/?api=1&query=%E0%B9%80%E0%B8%A3%E0%B8%B5%E0%B8%A2%E0%B8%99%E0%B8%94%E0%B8%99%E0%B8%95%E0%B8%A3%E0%B8%B5%E0%B8%84%E0%B8%A5%E0%B8%B2%E0%B8%AA%E0%B8%AA%E0%B8%B4%E0%B8%81%20%E0%B9%80%E0%B8%82%E0%B8%95%E0%B8%A7%E0%B8%B1%E0%B8%87%E0%B8%97%E0%B8%AD%E0%B8%87%E0%B8%AB%E0%B8%A5%E0%B8%B2%E0%B8%87%20%E0%B8%81%E0%B8%A3%E0%B8%B8%E0%B8%87%E0%B9%80%E0%B8%97%E0%B8%9E%E0%B8%A1%E0%B8%AB%E0%B8%B2%E0%B8%99%E0%B8%84%E0%B8%A3","https://www.google.com/maps/search/?api=1&query=%E0%B9%80%E0%B8%A3%E0%B8%B5%E0%B8%A2%E0%B8%99%E0%B8%A3%E0%B9%89%E0%B8%AD%E0%B8%87%E0%B9%80%E0%B8%9E%E0%B8%A5%E0%B8%87%E0%B8%9B%E0%B9%8A%E0%B8%AD%E0%B8%9B%20%E0%B9%80%E0%B8%82%E0%B8%95%E0%B8%A7%E0%B8%B1%E0%B8%87%E0%B8%97%E0%B8%AD%E0%B8%87%E0%B8%AB%E0%B8%A5%E0%B8%B2%E0%B8%87%20%E0%B8%81%E0%B8%A3%E0%B8%B8%E0%B8%87%E0%B9%80%E0%B8%97%E0%B8%9E%E0%B8%A1%E0%B8%AB%E0%B8%B2%E0%B8%99%E0%B8%84%E0%B8%A3","https://www.google.com/maps/search/?api=1&query=%E0%B9%80%E0%B8%A3%E0%B8%B5%E0%B8%A2%E0%B8%99%E0%B8%94%E0%B8%99%E0%B8%95%E0%B8%A3%E0%B8%B5%E0%B8%A3%E0%B9%87%E0%B8%AD%E0%B8%81%20%E0%B9%80%E0%B8%82%E0%B8%95%E0%B8%A7%E0%B8%B1%E0%B8%87%E0%B8%97%E0%B8%AD%E0%B8%87%E0%B8%AB%E0%B8%A5%E0%B8%B2%E0%B8%87%20%E0%B8%81%E0%B8%A3%E0%B8%B8%E0%B8%87%E0%B9%80%E0%B8%97%E0%B8%9E%E0%B8%A1%E0%B8%AB%E0%B8%B2%E0%B8%99%E0%B8%84%E0%B8%A3","https://www.google.com/maps/search/?api=1&query=%E0%B9%80%E0%B8%A3%E0%B8%B5%E0%B8%A2%E0%B8%99%E0%B8%94%E0%B8%99%E0%B8%95%E0%B8%A3%E0%B8%B5%E0%B9%81%E0%B8%88%E0%B9%8A%E0%B8%AA%20%E0%B9%80%E0%B8%82%E0%B8%95%E0%B8%A7%E0%B8%B1%E0%B8%87%E0%B8%97%E0%B8%AD%E0%B8%87%E0%B8%AB%E0%B8%A5%E0%B8%B2%E0%B8%87%20%E0%B8%81%E0%B8%A3%E0%B8%B8%E0%B8%87%E0%B9%80%E0%B8%97%E0%B8%9E%E0%B8%A1%E0%B8%AB%E0%B8%B2%E0%B8%99%E0%B8%84%E0%B8%A3","not_scanned","not_started","not_started","",""
"กรุงเทพใต้","ปทุมวัน","https://www.google.com/maps/search/?api=1&query=%E0%B9%82%E0%B8%A3%E0%B8%87%E0%B9%80%E0%B8%A3%E0%B8%B5%E0%B8%A2%E0%B8%99%E0%B8%94%E0%B8%99%E0%B8%95%E0%B8%A3%E0%B8%B5%20%E0%B9%80%E0%B8%82%E0%B8%95%E0%B8%9B%E0%B8%97%E0%B8%B8%E0%B8%A1%E0%B8%A7%E0%B8%B1%E0%B8%99%20%E0%B8%81%E0%B8%A3%E0%B8%B8%E0%B8%87%E0%B9%80%E0%B8%97%E0%B8%9E%E0%B8%A1%E0%B8%AB%E0%B8%B2%E0%B8%99%E0%B8%84%E0%B8%A3","https://www.google.com/maps/search/?api=1&query=%E0%B9%80%E0%B8%A3%E0%B8%B5%E0%B8%A2%E0%B8%99%E0%B8%94%E0%B8%99%E0%B8%95%E0%B8%A3%E0%B8%B5%E0%B9%84%E0%B8%97%E0%B8%A2%20%E0%B9%80%E0%B8%82%E0%B8%95%E0%B8%9B%E0%B8%97%E0%B8%B8%E0%B8%A1%E0%B8%A7%E0%B8%B1%E0%B8%99%20%E0%B8%81%E0%B8%A3%E0%B8%B8%E0%B8%87%E0%B9%80%E0%B8%97%E0%B8%9E%E0%B8%A1%E0%B8%AB%E0%B8%B2%E0%B8%99%E0%B8%84%E0%B8%A3","https://www.google.com/maps/search/?api=1&query=%E0%B9%80%E0%B8%A3%E0%B8%B5%E0%B8%A2%E0%B8%99%E0%B8%94%E0%B8%99%E0%B8%95%E0%B8%A3%E0%B8%B5%E0%B8%84%E0%B8%A5%E0%B8%B2%E0%B8%AA%E0%B8%AA%E0%B8%B4%E0%B8%81%20%E0%B9%80%E0%B8%82%E0%B8%95%E0%B8%9B%E0%B8%97%E0%B8%B8%E0%B8%A1%E0%B8%A7%E0%B8%B1%E0%B8%99%20%E0%B8%81%E0%B8%A3%E0%B8%B8%E0%B8%87%E0%B9%80%E0%B8%97%E0%B8%9E%E0%B8%A1%E0%B8%AB%E0%B8%B2%E0%B8%99%E0%B8%84%E0%B8%A3","https://www.google.com/maps/search/?api=1&query=%E0%B9%80%E0%B8%A3%E0%B8%B5%E0%B8%A2%E0%B8%99%E0%B8%A3%E0%B9%89%E0%B8%AD%E0%B8%87%E0%B9%80%E0%B8%9E%E0%B8%A5%E0%B8%87%E0%B8%9B%E0%B9%8A%E0%B8%AD%E0%B8%9B%20%E0%B9%80%E0%B8%82%E0%B8%95%E0%B8%9B%E0%B8%97%E0%B8%B8%E0%B8%A1%E0%B8%A7%E0%B8%B1%E0%B8%99%20%E0%B8%81%E0%B8%A3%E0%B8%B8%E0%B8%87%E0%B9%80%E0%B8%97%E0%B8%9E%E0%B8%A1%E0%B8%AB%E0%B8%B2%E0%B8%99%E0%B8%84%E0%B8%A3","https://www.google.com/maps/search/?api=1&query=%E0%B9%80%E0%B8%A3%E0%B8%B5%E0%B8%A2%E0%B8%99%E0%B8%94%E0%B8%99%E0%B8%95%E0%B8%A3%E0%B8%B5%E0%B8%A3%E0%B9%87%E0%B8%AD%E0%B8%81%20%E0%B9%80%E0%B8%82%E0%B8%95%E0%B8%9B%E0%B8%97%E0%B8%B8%E0%B8%A1%E0%B8%A7%E0%B8%B1%E0%B8%99%20%E0%B8%81%E0%B8%A3%E0%B8%B8%E0%B8%87%E0%B9%80%E0%B8%97%E0%B8%9E%E0%B8%A1%E0%B8%AB%E0%B8%B2%E0%B8%99%E0%B8%84%E0%B8%A3","https://www.google.com/maps/search/?api=1&query=%E0%B9%80%E0%B8%A3%E0%B8%B5%E0%B8%A2%E0%B8%99%E0%B8%94%E0%B8%99%E0%B8%95%E0%B8%A3%E0%B8%B5%E0%B9%81%E0%B8%88%E0%B9%8A%E0%B8%AA%20%E0%B9%80%E0%B8%82%E0%B8%95%E0%B8%9B%E0%B8%97%E0%B8%B8%E0%B8%A1%E0%B8%A7%E0%B8%B1%E0%B8%99%20%E0%B8%81%E0%B8%A3%E0%B8%B8%E0%B8%87%E0%B9%80%E0%B8%97%E0%B8%9E%E0%B8%A1%E0%B8%AB%E0%B8%B2%E0%B8%99%E0%B8%84%E0%B8%A3","partial_general","partial_two_owner_sources","pending","2026-09-25","ค้นทั่วไปครั้งแรก พบ 6 candidate ไม่รวม sponsored นอกเขต; อีก 5 ประเภทคำค้นยังไม่ตรวจ"
"กรุงเทพใต้","บางรัก","https://www.google.com/maps/search/?api=1&query=%E0%B9%82%E0%B8%A3%E0%B8%87%E0%B9%80%E0%B8%A3%E0%B8%B5%E0%B8%A2%E0%B8%99%E0%B8%94%E0%B8%99%E0%B8%95%E0%B8%A3%E0%B8%B5%20%E0%B9%80%E0%B8%82%E0%B8%95%E0%B8%9A%E0%B8%B2%E0%B8%87%E0%B8%A3%E0%B8%B1%E0%B8%81%20%E0%B8%81%E0%B8%A3%E0%B8%B8%E0%B8%87%E0%B9%80%E0%B8%97%E0%B8%9E%E0%B8%A1%E0%B8%AB%E0%B8%B2%E0%B8%99%E0%B8%84%E0%B8%A3","https://www.google.com/maps/search/?api=1&query=%E0%B9%80%E0%B8%A3%E0%B8%B5%E0%B8%A2%E0%B8%99%E0%B8%94%E0%B8%99%E0%B8%95%E0%B8%A3%E0%B8%B5%E0%B9%84%E0%B8%97%E0%B8%A2%20%E0%B9%80%E0%B8%82%E0%B8%95%E0%B8%9A%E0%B8%B2%E0%B8%87%E0%B8%A3%E0%B8%B1%E0%B8%81%20%E0%B8%81%E0%B8%A3%E0%B8%B8%E0%B8%87%E0%B9%80%E0%B8%97%E0%B8%9E%E0%B8%A1%E0%B8%AB%E0%B8%B2%E0%B8%99%E0%B8%84%E0%B8%A3","https://www.google.com/maps/search/?api=1&query=%E0%B9%80%E0%B8%A3%E0%B8%B5%E0%B8%A2%E0%B8%99%E0%B8%94%E0%B8%99%E0%B8%95%E0%B8%A3%E0%B8%B5%E0%B8%84%E0%B8%A5%E0%B8%B2%E0%B8%AA%E0%B8%AA%E0%B8%B4%E0%B8%81%20%E0%B9%80%E0%B8%82%E0%B8%95%E0%B8%9A%E0%B8%B2%E0%B8%87%E0%B8%A3%E0%B8%B1%E0%B8%81%20%E0%B8%81%E0%B8%A3%E0%B8%B8%E0%B8%87%E0%B9%80%E0%B8%97%E0%B8%9E%E0%B8%A1%E0%B8%AB%E0%B8%B2%E0%B8%99%E0%B8%84%E0%B8%A3","https://www.google.com/maps/search/?api=1&query=%E0%B9%80%E0%B8%A3%E0%B8%B5%E0%B8%A2%E0%B8%99%E0%B8%A3%E0%B9%89%E0%B8%AD%E0%B8%87%E0%B9%80%E0%B8%9E%E0%B8%A5%E0%B8%87%E0%B8%9B%E0%B9%8A%E0%B8%AD%E0%B8%9B%20%E0%B9%80%E0%B8%82%E0%B8%95%E0%B8%9A%E0%B8%B2%E0%B8%87%E0%B8%A3%E0%B8%B1%E0%B8%81%20%E0%B8%81%E0%B8%A3%E0%B8%B8%E0%B8%87%E0%B9%80%E0%B8%97%E0%B8%9E%E0%B8%A1%E0%B8%AB%E0%B8%B2%E0%B8%99%E0%B8%84%E0%B8%A3","https://www.google.com/maps/search/?api=1&query=%E0%B9%80%E0%B8%A3%E0%B8%B5%E0%B8%A2%E0%B8%99%E0%B8%94%E0%B8%99%E0%B8%95%E0%B8%A3%E0%B8%B5%E0%B8%A3%E0%B9%87%E0%B8%AD%E0%B8%81%20%E0%B9%80%E0%B8%82%E0%B8%95%E0%B8%9A%E0%B8%B2%E0%B8%87%E0%B8%A3%E0%B8%B1%E0%B8%81%20%E0%B8%81%E0%B8%A3%E0%B8%B8%E0%B8%87%E0%B9%80%E0%B8%97%E0%B8%9E%E0%B8%A1%E0%B8%AB%E0%B8%B2%E0%B8%99%E0%B8%84%E0%B8%A3","https://www.google.com/maps/search/?api=1&query=%E0%B9%80%E0%B8%A3%E0%B8%B5%E0%B8%A2%E0%B8%99%E0%B8%94%E0%B8%99%E0%B8%95%E0%B8%A3%E0%B8%B5%E0%B9%81%E0%B8%88%E0%B9%8A%E0%B8%AA%20%E0%B9%80%E0%B8%82%E0%B8%95%E0%B8%9A%E0%B8%B2%E0%B8%87%E0%B8%A3%E0%B8%B1%E0%B8%81%20%E0%B8%81%E0%B8%A3%E0%B8%B8%E0%B8%87%E0%B9%80%E0%B8%97%E0%B8%9E%E0%B8%A1%E0%B8%AB%E0%B8%B2%E0%B8%99%E0%B8%84%E0%B8%A3","not_scanned","not_started","not_started","",""
"กรุงเทพใต้","สาทร","https://www.google.com/maps/search/?api=1&query=%E0%B9%82%E0%B8%A3%E0%B8%87%E0%B9%80%E0%B8%A3%E0%B8%B5%E0%B8%A2%E0%B8%99%E0%B8%94%E0%B8%99%E0%B8%95%E0%B8%A3%E0%B8%B5%20%E0%B9%80%E0%B8%82%E0%B8%95%E0%B8%AA%E0%B8%B2%E0%B8%97%E0%B8%A3%20%E0%B8%81%E0%B8%A3%E0%B8%B8%E0%B8%87%E0%B9%80%E0%B8%97%E0%B8%9E%E0%B8%A1%E0%B8%AB%E0%B8%B2%E0%B8%99%E0%B8%84%E0%B8%A3","https://www.google.com/maps/search/?api=1&query=%E0%B9%80%E0%B8%A3%E0%B8%B5%E0%B8%A2%E0%B8%99%E0%B8%94%E0%B8%99%E0%B8%95%E0%B8%A3%E0%B8%B5%E0%B9%84%E0%B8%97%E0%B8%A2%20%E0%B9%80%E0%B8%82%E0%B8%95%E0%B8%AA%E0%B8%B2%E0%B8%97%E0%B8%A3%20%E0%B8%81%E0%B8%A3%E0%B8%B8%E0%B8%87%E0%B9%80%E0%B8%97%E0%B8%9E%E0%B8%A1%E0%B8%AB%E0%B8%B2%E0%B8%99%E0%B8%84%E0%B8%A3","https://www.google.com/maps/search/?api=1&query=%E0%B9%80%E0%B8%A3%E0%B8%B5%E0%B8%A2%E0%B8%99%E0%B8%94%E0%B8%99%E0%B8%95%E0%B8%A3%E0%B8%B5%E0%B8%84%E0%B8%A5%E0%B8%B2%E0%B8%AA%E0%B8%AA%E0%B8%B4%E0%B8%81%20%E0%B9%80%E0%B8%82%E0%B8%95%E0%B8%AA%E0%B8%B2%E0%B8%97%E0%B8%A3%20%E0%B8%81%E0%B8%A3%E0%B8%B8%E0%B8%87%E0%B9%80%E0%B8%97%E0%B8%9E%E0%B8%A1%E0%B8%AB%E0%B8%B2%E0%B8%99%E0%B8%84%E0%B8%A3","https://www.google.com/maps/search/?api=1&query=%E0%B9%80%E0%B8%A3%E0%B8%B5%E0%B8%A2%E0%B8%99%E0%B8%A3%E0%B9%89%E0%B8%AD%E0%B8%87%E0%B9%80%E0%B8%9E%E0%B8%A5%E0%B8%87%E0%B8%9B%E0%B9%8A%E0%B8%AD%E0%B8%9B%20%E0%B9%80%E0%B8%82%E0%B8%95%E0%B8%AA%E0%B8%B2%E0%B8%97%E0%B8%A3%20%E0%B8%81%E0%B8%A3%E0%B8%B8%E0%B8%87%E0%B9%80%E0%B8%97%E0%B8%9E%E0%B8%A1%E0%B8%AB%E0%B8%B2%E0%B8%99%E0%B8%84%E0%B8%A3","https://www.google.com/maps/search/?api=1&query=%E0%B9%80%E0%B8%A3%E0%B8%B5%E0%B8%A2%E0%B8%99%E0%B8%94%E0%B8%99%E0%B8%95%E0%B8%A3%E0%B8%B5%E0%B8%A3%E0%B9%87%E0%B8%AD%E0%B8%81%20%E0%B9%80%E0%B8%82%E0%B8%95%E0%B8%AA%E0%B8%B2%E0%B8%97%E0%B8%A3%20%E0%B8%81%E0%B8%A3%E0%B8%B8%E0%B8%87%E0%B9%80%E0%B8%97%E0%B8%9E%E0%B8%A1%E0%B8%AB%E0%B8%B2%E0%B8%99%E0%B8%84%E0%B8%A3","https://www.google.com/maps/search/?api=1&query=%E0%B9%80%E0%B8%A3%E0%B8%B5%E0%B8%A2%E0%B8%99%E0%B8%94%E0%B8%99%E0%B8%95%E0%B8%A3%E0%B8%B5%E0%B9%81%E0%B8%88%E0%B9%8A%E0%B8%AA%20%E0%B9%80%E0%B8%82%E0%B8%95%E0%B8%AA%E0%B8%B2%E0%B8%97%E0%B8%A3%20%E0%B8%81%E0%B8%A3%E0%B8%B8%E0%B8%87%E0%B9%80%E0%B8%97%E0%B8%9E%E0%B8%A1%E0%B8%AB%E0%B8%B2%E0%B8%99%E0%B8%84%E0%B8%A3","not_scanned","not_started","not_started","",""
"กรุงเทพใต้","บางคอแหลม","https://www.google.com/maps/search/?api=1&query=%E0%B9%82%E0%B8%A3%E0%B8%87%E0%B9%80%E0%B8%A3%E0%B8%B5%E0%B8%A2%E0%B8%99%E0%B8%94%E0%B8%99%E0%B8%95%E0%B8%A3%E0%B8%B5%20%E0%B9%80%E0%B8%82%E0%B8%95%E0%B8%9A%E0%B8%B2%E0%B8%87%E0%B8%84%E0%B8%AD%E0%B9%81%E0%B8%AB%E0%B8%A5%E0%B8%A1%20%E0%B8%81%E0%B8%A3%E0%B8%B8%E0%B8%87%E0%B9%80%E0%B8%97%E0%B8%9E%E0%B8%A1%E0%B8%AB%E0%B8%B2%E0%B8%99%E0%B8%84%E0%B8%A3","https://www.google.com/maps/search/?api=1&query=%E0%B9%80%E0%B8%A3%E0%B8%B5%E0%B8%A2%E0%B8%99%E0%B8%94%E0%B8%99%E0%B8%95%E0%B8%A3%E0%B8%B5%E0%B9%84%E0%B8%97%E0%B8%A2%20%E0%B9%80%E0%B8%82%E0%B8%95%E0%B8%9A%E0%B8%B2%E0%B8%87%E0%B8%84%E0%B8%AD%E0%B9%81%E0%B8%AB%E0%B8%A5%E0%B8%A1%20%E0%B8%81%E0%B8%A3%E0%B8%B8%E0%B8%87%E0%B9%80%E0%B8%97%E0%B8%9E%E0%B8%A1%E0%B8%AB%E0%B8%B2%E0%B8%99%E0%B8%84%E0%B8%A3","https://www.google.com/maps/search/?api=1&query=%E0%B9%80%E0%B8%A3%E0%B8%B5%E0%B8%A2%E0%B8%99%E0%B8%94%E0%B8%99%E0%B8%95%E0%B8%A3%E0%B8%B5%E0%B8%84%E0%B8%A5%E0%B8%B2%E0%B8%AA%E0%B8%AA%E0%B8%B4%E0%B8%81%20%E0%B9%80%E0%B8%82%E0%B8%95%E0%B8%9A%E0%B8%B2%E0%B8%87%E0%B8%84%E0%B8%AD%E0%B9%81%E0%B8%AB%E0%B8%A5%E0%B8%A1%20%E0%B8%81%E0%B8%A3%E0%B8%B8%E0%B8%87%E0%B9%80%E0%B8%97%E0%B8%9E%E0%B8%A1%E0%B8%AB%E0%B8%B2%E0%B8%99%E0%B8%84%E0%B8%A3","https://www.google.com/maps/search/?api=1&query=%E0%B9%80%E0%B8%A3%E0%B8%B5%E0%B8%A2%E0%B8%99%E0%B8%A3%E0%B9%89%E0%B8%AD%E0%B8%87%E0%B9%80%E0%B8%9E%E0%B8%A5%E0%B8%87%E0%B8%9B%E0%B9%8A%E0%B8%AD%E0%B8%9B%20%E0%B9%80%E0%B8%82%E0%B8%95%E0%B8%9A%E0%B8%B2%E0%B8%87%E0%B8%84%E0%B8%AD%E0%B9%81%E0%B8%AB%E0%B8%A5%E0%B8%A1%20%E0%B8%81%E0%B8%A3%E0%B8%B8%E0%B8%87%E0%B9%80%E0%B8%97%E0%B8%9E%E0%B8%A1%E0%B8%AB%E0%B8%B2%E0%B8%99%E0%B8%84%E0%B8%A3","https://www.google.com/maps/search/?api=1&query=%E0%B9%80%E0%B8%A3%E0%B8%B5%E0%B8%A2%E0%B8%99%E0%B8%94%E0%B8%99%E0%B8%95%E0%B8%A3%E0%B8%B5%E0%B8%A3%E0%B9%87%E0%B8%AD%E0%B8%81%20%E0%B9%80%E0%B8%82%E0%B8%95%E0%B8%9A%E0%B8%B2%E0%B8%87%E0%B8%84%E0%B8%AD%E0%B9%81%E0%B8%AB%E0%B8%A5%E0%B8%A1%20%E0%B8%81%E0%B8%A3%E0%B8%B8%E0%B8%87%E0%B9%80%E0%B8%97%E0%B8%9E%E0%B8%A1%E0%B8%AB%E0%B8%B2%E0%B8%99%E0%B8%84%E0%B8%A3","https://www.google.com/maps/search/?api=1&query=%E0%B9%80%E0%B8%A3%E0%B8%B5%E0%B8%A2%E0%B8%99%E0%B8%94%E0%B8%99%E0%B8%95%E0%B8%A3%E0%B8%B5%E0%B9%81%E0%B8%88%E0%B9%8A%E0%B8%AA%20%E0%B9%80%E0%B8%82%E0%B8%95%E0%B8%9A%E0%B8%B2%E0%B8%87%E0%B8%84%E0%B8%AD%E0%B9%81%E0%B8%AB%E0%B8%A5%E0%B8%A1%20%E0%B8%81%E0%B8%A3%E0%B8%B8%E0%B8%87%E0%B9%80%E0%B8%97%E0%B8%9E%E0%B8%A1%E0%B8%AB%E0%B8%B2%E0%B8%99%E0%B8%84%E0%B8%A3","not_scanned","not_started","not_started","",""
"กรุงเทพใต้","ยานนาวา","https://www.google.com/maps/search/?api=1&query=%E0%B9%82%E0%B8%A3%E0%B8%87%E0%B9%80%E0%B8%A3%E0%B8%B5%E0%B8%A2%E0%B8%99%E0%B8%94%E0%B8%99%E0%B8%95%E0%B8%A3%E0%B8%B5%20%E0%B9%80%E0%B8%82%E0%B8%95%E0%B8%A2%E0%B8%B2%E0%B8%99%E0%B8%99%E0%B8%B2%E0%B8%A7%E0%B8%B2%20%E0%B8%81%E0%B8%A3%E0%B8%B8%E0%B8%87%E0%B9%80%E0%B8%97%E0%B8%9E%E0%B8%A1%E0%B8%AB%E0%B8%B2%E0%B8%99%E0%B8%84%E0%B8%A3","https://www.google.com/maps/search/?api=1&query=%E0%B9%80%E0%B8%A3%E0%B8%B5%E0%B8%A2%E0%B8%99%E0%B8%94%E0%B8%99%E0%B8%95%E0%B8%A3%E0%B8%B5%E0%B9%84%E0%B8%97%E0%B8%A2%20%E0%B9%80%E0%B8%82%E0%B8%95%E0%B8%A2%E0%B8%B2%E0%B8%99%E0%B8%99%E0%B8%B2%E0%B8%A7%E0%B8%B2%20%E0%B8%81%E0%B8%A3%E0%B8%B8%E0%B8%87%E0%B9%80%E0%B8%97%E0%B8%9E%E0%B8%A1%E0%B8%AB%E0%B8%B2%E0%B8%99%E0%B8%84%E0%B8%A3","https://www.google.com/maps/search/?api=1&query=%E0%B9%80%E0%B8%A3%E0%B8%B5%E0%B8%A2%E0%B8%99%E0%B8%94%E0%B8%99%E0%B8%95%E0%B8%A3%E0%B8%B5%E0%B8%84%E0%B8%A5%E0%B8%B2%E0%B8%AA%E0%B8%AA%E0%B8%B4%E0%B8%81%20%E0%B9%80%E0%B8%82%E0%B8%95%E0%B8%A2%E0%B8%B2%E0%B8%99%E0%B8%99%E0%B8%B2%E0%B8%A7%E0%B8%B2%20%E0%B8%81%E0%B8%A3%E0%B8%B8%E0%B8%87%E0%B9%80%E0%B8%97%E0%B8%9E%E0%B8%A1%E0%B8%AB%E0%B8%B2%E0%B8%99%E0%B8%84%E0%B8%A3","https://www.google.com/maps/search/?api=1&query=%E0%B9%80%E0%B8%A3%E0%B8%B5%E0%B8%A2%E0%B8%99%E0%B8%A3%E0%B9%89%E0%B8%AD%E0%B8%87%E0%B9%80%E0%B8%9E%E0%B8%A5%E0%B8%87%E0%B8%9B%E0%B9%8A%E0%B8%AD%E0%B8%9B%20%E0%B9%80%E0%B8%82%E0%B8%95%E0%B8%A2%E0%B8%B2%E0%B8%99%E0%B8%99%E0%B8%B2%E0%B8%A7%E0%B8%B2%20%E0%B8%81%E0%B8%A3%E0%B8%B8%E0%B8%87%E0%B9%80%E0%B8%97%E0%B8%9E%E0%B8%A1%E0%B8%AB%E0%B8%B2%E0%B8%99%E0%B8%84%E0%B8%A3","https://www.google.com/maps/search/?api=1&query=%E0%B9%80%E0%B8%A3%E0%B8%B5%E0%B8%A2%E0%B8%99%E0%B8%94%E0%B8%99%E0%B8%95%E0%B8%A3%E0%B8%B5%E0%B8%A3%E0%B9%87%E0%B8%AD%E0%B8%81%20%E0%B9%80%E0%B8%82%E0%B8%95%E0%B8%A2%E0%B8%B2%E0%B8%99%E0%B8%99%E0%B8%B2%E0%B8%A7%E0%B8%B2%20%E0%B8%81%E0%B8%A3%E0%B8%B8%E0%B8%87%E0%B9%80%E0%B8%97%E0%B8%9E%E0%B8%A1%E0%B8%AB%E0%B8%B2%E0%B8%99%E0%B8%84%E0%B8%A3","https://www.google.com/maps/search/?api=1&query=%E0%B9%80%E0%B8%A3%E0%B8%B5%E0%B8%A2%E0%B8%99%E0%B8%94%E0%B8%99%E0%B8%95%E0%B8%A3%E0%B8%B5%E0%B9%81%E0%B8%88%E0%B9%8A%E0%B8%AA%20%E0%B9%80%E0%B8%82%E0%B8%95%E0%B8%A2%E0%B8%B2%E0%B8%99%E0%B8%99%E0%B8%B2%E0%B8%A7%E0%B8%B2%20%E0%B8%81%E0%B8%A3%E0%B8%B8%E0%B8%87%E0%B9%80%E0%B8%97%E0%B8%9E%E0%B8%A1%E0%B8%AB%E0%B8%B2%E0%B8%99%E0%B8%84%E0%B8%A3","not_scanned","not_started","not_started","",""
"กรุงเทพใต้","คลองเตย","https://www.google.com/maps/search/?api=1&query=%E0%B9%82%E0%B8%A3%E0%B8%87%E0%B9%80%E0%B8%A3%E0%B8%B5%E0%B8%A2%E0%B8%99%E0%B8%94%E0%B8%99%E0%B8%95%E0%B8%A3%E0%B8%B5%20%E0%B9%80%E0%B8%82%E0%B8%95%E0%B8%84%E0%B8%A5%E0%B8%AD%E0%B8%87%E0%B9%80%E0%B8%95%E0%B8%A2%20%E0%B8%81%E0%B8%A3%E0%B8%B8%E0%B8%87%E0%B9%80%E0%B8%97%E0%B8%9E%E0%B8%A1%E0%B8%AB%E0%B8%B2%E0%B8%99%E0%B8%84%E0%B8%A3","https://www.google.com/maps/search/?api=1&query=%E0%B9%80%E0%B8%A3%E0%B8%B5%E0%B8%A2%E0%B8%99%E0%B8%94%E0%B8%99%E0%B8%95%E0%B8%A3%E0%B8%B5%E0%B9%84%E0%B8%97%E0%B8%A2%20%E0%B9%80%E0%B8%82%E0%B8%95%E0%B8%84%E0%B8%A5%E0%B8%AD%E0%B8%87%E0%B9%80%E0%B8%95%E0%B8%A2%20%E0%B8%81%E0%B8%A3%E0%B8%B8%E0%B8%87%E0%B9%80%E0%B8%97%E0%B8%9E%E0%B8%A1%E0%B8%AB%E0%B8%B2%E0%B8%99%E0%B8%84%E0%B8%A3","https://www.google.com/maps/search/?api=1&query=%E0%B9%80%E0%B8%A3%E0%B8%B5%E0%B8%A2%E0%B8%99%E0%B8%94%E0%B8%99%E0%B8%95%E0%B8%A3%E0%B8%B5%E0%B8%84%E0%B8%A5%E0%B8%B2%E0%B8%AA%E0%B8%AA%E0%B8%B4%E0%B8%81%20%E0%B9%80%E0%B8%82%E0%B8%95%E0%B8%84%E0%B8%A5%E0%B8%AD%E0%B8%87%E0%B9%80%E0%B8%95%E0%B8%A2%20%E0%B8%81%E0%B8%A3%E0%B8%B8%E0%B8%87%E0%B9%80%E0%B8%97%E0%B8%9E%E0%B8%A1%E0%B8%AB%E0%B8%B2%E0%B8%99%E0%B8%84%E0%B8%A3","https://www.google.com/maps/search/?api=1&query=%E0%B9%80%E0%B8%A3%E0%B8%B5%E0%B8%A2%E0%B8%99%E0%B8%A3%E0%B9%89%E0%B8%AD%E0%B8%87%E0%B9%80%E0%B8%9E%E0%B8%A5%E0%B8%87%E0%B8%9B%E0%B9%8A%E0%B8%AD%E0%B8%9B%20%E0%B9%80%E0%B8%82%E0%B8%95%E0%B8%84%E0%B8%A5%E0%B8%AD%E0%B8%87%E0%B9%80%E0%B8%95%E0%B8%A2%20%E0%B8%81%E0%B8%A3%E0%B8%B8%E0%B8%87%E0%B9%80%E0%B8%97%E0%B8%9E%E0%B8%A1%E0%B8%AB%E0%B8%B2%E0%B8%99%E0%B8%84%E0%B8%A3","https://www.google.com/maps/search/?api=1&query=%E0%B9%80%E0%B8%A3%E0%B8%B5%E0%B8%A2%E0%B8%99%E0%B8%94%E0%B8%99%E0%B8%95%E0%B8%A3%E0%B8%B5%E0%B8%A3%E0%B9%87%E0%B8%AD%E0%B8%81%20%E0%B9%80%E0%B8%82%E0%B8%95%E0%B8%84%E0%B8%A5%E0%B8%AD%E0%B8%87%E0%B9%80%E0%B8%95%E0%B8%A2%20%E0%B8%81%E0%B8%A3%E0%B8%B8%E0%B8%87%E0%B9%80%E0%B8%97%E0%B8%9E%E0%B8%A1%E0%B8%AB%E0%B8%B2%E0%B8%99%E0%B8%84%E0%B8%A3","https://www.google.com/maps/search/?api=1&query=%E0%B9%80%E0%B8%A3%E0%B8%B5%E0%B8%A2%E0%B8%99%E0%B8%94%E0%B8%99%E0%B8%95%E0%B8%A3%E0%B8%B5%E0%B9%81%E0%B8%88%E0%B9%8A%E0%B8%AA%20%E0%B9%80%E0%B8%82%E0%B8%95%E0%B8%84%E0%B8%A5%E0%B8%AD%E0%B8%87%E0%B9%80%E0%B8%95%E0%B8%A2%20%E0%B8%81%E0%B8%A3%E0%B8%B8%E0%B8%87%E0%B9%80%E0%B8%97%E0%B8%9E%E0%B8%A1%E0%B8%AB%E0%B8%B2%E0%B8%99%E0%B8%84%E0%B8%A3","not_scanned","not_started","not_started","",""
"กรุงเทพใต้","วัฒนา","https://www.google.com/maps/search/?api=1&query=%E0%B9%82%E0%B8%A3%E0%B8%87%E0%B9%80%E0%B8%A3%E0%B8%B5%E0%B8%A2%E0%B8%99%E0%B8%94%E0%B8%99%E0%B8%95%E0%B8%A3%E0%B8%B5%20%E0%B9%80%E0%B8%82%E0%B8%95%E0%B8%A7%E0%B8%B1%E0%B8%92%E0%B8%99%E0%B8%B2%20%E0%B8%81%E0%B8%A3%E0%B8%B8%E0%B8%87%E0%B9%80%E0%B8%97%E0%B8%9E%E0%B8%A1%E0%B8%AB%E0%B8%B2%E0%B8%99%E0%B8%84%E0%B8%A3","https://www.google.com/maps/search/?api=1&query=%E0%B9%80%E0%B8%A3%E0%B8%B5%E0%B8%A2%E0%B8%99%E0%B8%94%E0%B8%99%E0%B8%95%E0%B8%A3%E0%B8%B5%E0%B9%84%E0%B8%97%E0%B8%A2%20%E0%B9%80%E0%B8%82%E0%B8%95%E0%B8%A7%E0%B8%B1%E0%B8%92%E0%B8%99%E0%B8%B2%20%E0%B8%81%E0%B8%A3%E0%B8%B8%E0%B8%87%E0%B9%80%E0%B8%97%E0%B8%9E%E0%B8%A1%E0%B8%AB%E0%B8%B2%E0%B8%99%E0%B8%84%E0%B8%A3","https://www.google.com/maps/search/?api=1&query=%E0%B9%80%E0%B8%A3%E0%B8%B5%E0%B8%A2%E0%B8%99%E0%B8%94%E0%B8%99%E0%B8%95%E0%B8%A3%E0%B8%B5%E0%B8%84%E0%B8%A5%E0%B8%B2%E0%B8%AA%E0%B8%AA%E0%B8%B4%E0%B8%81%20%E0%B9%80%E0%B8%82%E0%B8%95%E0%B8%A7%E0%B8%B1%E0%B8%92%E0%B8%99%E0%B8%B2%20%E0%B8%81%E0%B8%A3%E0%B8%B8%E0%B8%87%E0%B9%80%E0%B8%97%E0%B8%9E%E0%B8%A1%E0%B8%AB%E0%B8%B2%E0%B8%99%E0%B8%84%E0%B8%A3","https://www.google.com/maps/search/?api=1&query=%E0%B9%80%E0%B8%A3%E0%B8%B5%E0%B8%A2%E0%B8%99%E0%B8%A3%E0%B9%89%E0%B8%AD%E0%B8%87%E0%B9%80%E0%B8%9E%E0%B8%A5%E0%B8%87%E0%B8%9B%E0%B9%8A%E0%B8%AD%E0%B8%9B%20%E0%B9%80%E0%B8%82%E0%B8%95%E0%B8%A7%E0%B8%B1%E0%B8%92%E0%B8%99%E0%B8%B2%20%E0%B8%81%E0%B8%A3%E0%B8%B8%E0%B8%87%E0%B9%80%E0%B8%97%E0%B8%9E%E0%B8%A1%E0%B8%AB%E0%B8%B2%E0%B8%99%E0%B8%84%E0%B8%A3","https://www.google.com/maps/search/?api=1&query=%E0%B9%80%E0%B8%A3%E0%B8%B5%E0%B8%A2%E0%B8%99%E0%B8%94%E0%B8%99%E0%B8%95%E0%B8%A3%E0%B8%B5%E0%B8%A3%E0%B9%87%E0%B8%AD%E0%B8%81%20%E0%B9%80%E0%B8%82%E0%B8%95%E0%B8%A7%E0%B8%B1%E0%B8%92%E0%B8%99%E0%B8%B2%20%E0%B8%81%E0%B8%A3%E0%B8%B8%E0%B8%87%E0%B9%80%E0%B8%97%E0%B8%9E%E0%B8%A1%E0%B8%AB%E0%B8%B2%E0%B8%99%E0%B8%84%E0%B8%A3","https://www.google.com/maps/search/?api=1&query=%E0%B9%80%E0%B8%A3%E0%B8%B5%E0%B8%A2%E0%B8%99%E0%B8%94%E0%B8%99%E0%B8%95%E0%B8%A3%E0%B8%B5%E0%B9%81%E0%B8%88%E0%B9%8A%E0%B8%AA%20%E0%B9%80%E0%B8%82%E0%B8%95%E0%B8%A7%E0%B8%B1%E0%B8%92%E0%B8%99%E0%B8%B2%20%E0%B8%81%E0%B8%A3%E0%B8%B8%E0%B8%87%E0%B9%80%E0%B8%97%E0%B8%9E%E0%B8%A1%E0%B8%AB%E0%B8%B2%E0%B8%99%E0%B8%84%E0%B8%A3","not_scanned","not_started","not_started","",""
"กรุงเทพใต้","พระโขนง","https://www.google.com/maps/search/?api=1&query=%E0%B9%82%E0%B8%A3%E0%B8%87%E0%B9%80%E0%B8%A3%E0%B8%B5%E0%B8%A2%E0%B8%99%E0%B8%94%E0%B8%99%E0%B8%95%E0%B8%A3%E0%B8%B5%20%E0%B9%80%E0%B8%82%E0%B8%95%E0%B8%9E%E0%B8%A3%E0%B8%B0%E0%B9%82%E0%B8%82%E0%B8%99%E0%B8%87%20%E0%B8%81%E0%B8%A3%E0%B8%B8%E0%B8%87%E0%B9%80%E0%B8%97%E0%B8%9E%E0%B8%A1%E0%B8%AB%E0%B8%B2%E0%B8%99%E0%B8%84%E0%B8%A3","https://www.google.com/maps/search/?api=1&query=%E0%B9%80%E0%B8%A3%E0%B8%B5%E0%B8%A2%E0%B8%99%E0%B8%94%E0%B8%99%E0%B8%95%E0%B8%A3%E0%B8%B5%E0%B9%84%E0%B8%97%E0%B8%A2%20%E0%B9%80%E0%B8%82%E0%B8%95%E0%B8%9E%E0%B8%A3%E0%B8%B0%E0%B9%82%E0%B8%82%E0%B8%99%E0%B8%87%20%E0%B8%81%E0%B8%A3%E0%B8%B8%E0%B8%87%E0%B9%80%E0%B8%97%E0%B8%9E%E0%B8%A1%E0%B8%AB%E0%B8%B2%E0%B8%99%E0%B8%84%E0%B8%A3","https://www.google.com/maps/search/?api=1&query=%E0%B9%80%E0%B8%A3%E0%B8%B5%E0%B8%A2%E0%B8%99%E0%B8%94%E0%B8%99%E0%B8%95%E0%B8%A3%E0%B8%B5%E0%B8%84%E0%B8%A5%E0%B8%B2%E0%B8%AA%E0%B8%AA%E0%B8%B4%E0%B8%81%20%E0%B9%80%E0%B8%82%E0%B8%95%E0%B8%9E%E0%B8%A3%E0%B8%B0%E0%B9%82%E0%B8%82%E0%B8%99%E0%B8%87%20%E0%B8%81%E0%B8%A3%E0%B8%B8%E0%B8%87%E0%B9%80%E0%B8%97%E0%B8%9E%E0%B8%A1%E0%B8%AB%E0%B8%B2%E0%B8%99%E0%B8%84%E0%B8%A3","https://www.google.com/maps/search/?api=1&query=%E0%B9%80%E0%B8%A3%E0%B8%B5%E0%B8%A2%E0%B8%99%E0%B8%A3%E0%B9%89%E0%B8%AD%E0%B8%87%E0%B9%80%E0%B8%9E%E0%B8%A5%E0%B8%87%E0%B8%9B%E0%B9%8A%E0%B8%AD%E0%B8%9B%20%E0%B9%80%E0%B8%82%E0%B8%95%E0%B8%9E%E0%B8%A3%E0%B8%B0%E0%B9%82%E0%B8%82%E0%B8%99%E0%B8%87%20%E0%B8%81%E0%B8%A3%E0%B8%B8%E0%B8%87%E0%B9%80%E0%B8%97%E0%B8%9E%E0%B8%A1%E0%B8%AB%E0%B8%B2%E0%B8%99%E0%B8%84%E0%B8%A3","https://www.google.com/maps/search/?api=1&query=%E0%B9%80%E0%B8%A3%E0%B8%B5%E0%B8%A2%E0%B8%99%E0%B8%94%E0%B8%99%E0%B8%95%E0%B8%A3%E0%B8%B5%E0%B8%A3%E0%B9%87%E0%B8%AD%E0%B8%81%20%E0%B9%80%E0%B8%82%E0%B8%95%E0%B8%9E%E0%B8%A3%E0%B8%B0%E0%B9%82%E0%B8%82%E0%B8%99%E0%B8%87%20%E0%B8%81%E0%B8%A3%E0%B8%B8%E0%B8%87%E0%B9%80%E0%B8%97%E0%B8%9E%E0%B8%A1%E0%B8%AB%E0%B8%B2%E0%B8%99%E0%B8%84%E0%B8%A3","https://www.google.com/maps/search/?api=1&query=%E0%B9%80%E0%B8%A3%E0%B8%B5%E0%B8%A2%E0%B8%99%E0%B8%94%E0%B8%99%E0%B8%95%E0%B8%A3%E0%B8%B5%E0%B9%81%E0%B8%88%E0%B9%8A%E0%B8%AA%20%E0%B9%80%E0%B8%82%E0%B8%95%E0%B8%9E%E0%B8%A3%E0%B8%B0%E0%B9%82%E0%B8%82%E0%B8%99%E0%B8%87%20%E0%B8%81%E0%B8%A3%E0%B8%B8%E0%B8%87%E0%B9%80%E0%B8%97%E0%B8%9E%E0%B8%A1%E0%B8%AB%E0%B8%B2%E0%B8%99%E0%B8%84%E0%B8%A3","not_scanned","not_started","not_started","",""
"กรุงเทพใต้","สวนหลวง","https://www.google.com/maps/search/?api=1&query=%E0%B9%82%E0%B8%A3%E0%B8%87%E0%B9%80%E0%B8%A3%E0%B8%B5%E0%B8%A2%E0%B8%99%E0%B8%94%E0%B8%99%E0%B8%95%E0%B8%A3%E0%B8%B5%20%E0%B9%80%E0%B8%82%E0%B8%95%E0%B8%AA%E0%B8%A7%E0%B8%99%E0%B8%AB%E0%B8%A5%E0%B8%A7%E0%B8%87%20%E0%B8%81%E0%B8%A3%E0%B8%B8%E0%B8%87%E0%B9%80%E0%B8%97%E0%B8%9E%E0%B8%A1%E0%B8%AB%E0%B8%B2%E0%B8%99%E0%B8%84%E0%B8%A3","https://www.google.com/maps/search/?api=1&query=%E0%B9%80%E0%B8%A3%E0%B8%B5%E0%B8%A2%E0%B8%99%E0%B8%94%E0%B8%99%E0%B8%95%E0%B8%A3%E0%B8%B5%E0%B9%84%E0%B8%97%E0%B8%A2%20%E0%B9%80%E0%B8%82%E0%B8%95%E0%B8%AA%E0%B8%A7%E0%B8%99%E0%B8%AB%E0%B8%A5%E0%B8%A7%E0%B8%87%20%E0%B8%81%E0%B8%A3%E0%B8%B8%E0%B8%87%E0%B9%80%E0%B8%97%E0%B8%9E%E0%B8%A1%E0%B8%AB%E0%B8%B2%E0%B8%99%E0%B8%84%E0%B8%A3","https://www.google.com/maps/search/?api=1&query=%E0%B9%80%E0%B8%A3%E0%B8%B5%E0%B8%A2%E0%B8%99%E0%B8%94%E0%B8%99%E0%B8%95%E0%B8%A3%E0%B8%B5%E0%B8%84%E0%B8%A5%E0%B8%B2%E0%B8%AA%E0%B8%AA%E0%B8%B4%E0%B8%81%20%E0%B9%80%E0%B8%82%E0%B8%95%E0%B8%AA%E0%B8%A7%E0%B8%99%E0%B8%AB%E0%B8%A5%E0%B8%A7%E0%B8%87%20%E0%B8%81%E0%B8%A3%E0%B8%B8%E0%B8%87%E0%B9%80%E0%B8%97%E0%B8%9E%E0%B8%A1%E0%B8%AB%E0%B8%B2%E0%B8%99%E0%B8%84%E0%B8%A3","https://www.google.com/maps/search/?api=1&query=%E0%B9%80%E0%B8%A3%E0%B8%B5%E0%B8%A2%E0%B8%99%E0%B8%A3%E0%B9%89%E0%B8%AD%E0%B8%87%E0%B9%80%E0%B8%9E%E0%B8%A5%E0%B8%87%E0%B8%9B%E0%B9%8A%E0%B8%AD%E0%B8%9B%20%E0%B9%80%E0%B8%82%E0%B8%95%E0%B8%AA%E0%B8%A7%E0%B8%99%E0%B8%AB%E0%B8%A5%E0%B8%A7%E0%B8%87%20%E0%B8%81%E0%B8%A3%E0%B8%B8%E0%B8%87%E0%B9%80%E0%B8%97%E0%B8%9E%E0%B8%A1%E0%B8%AB%E0%B8%B2%E0%B8%99%E0%B8%84%E0%B8%A3","https://www.google.com/maps/search/?api=1&query=%E0%B9%80%E0%B8%A3%E0%B8%B5%E0%B8%A2%E0%B8%99%E0%B8%94%E0%B8%99%E0%B8%95%E0%B8%A3%E0%B8%B5%E0%B8%A3%E0%B9%87%E0%B8%AD%E0%B8%81%20%E0%B9%80%E0%B8%82%E0%B8%95%E0%B8%AA%E0%B8%A7%E0%B8%99%E0%B8%AB%E0%B8%A5%E0%B8%A7%E0%B8%87%20%E0%B8%81%E0%B8%A3%E0%B8%B8%E0%B8%87%E0%B9%80%E0%B8%97%E0%B8%9E%E0%B8%A1%E0%B8%AB%E0%B8%B2%E0%B8%99%E0%B8%84%E0%B8%A3","https://www.google.com/maps/search/?api=1&query=%E0%B9%80%E0%B8%A3%E0%B8%B5%E0%B8%A2%E0%B8%99%E0%B8%94%E0%B8%99%E0%B8%95%E0%B8%A3%E0%B8%B5%E0%B9%81%E0%B8%88%E0%B9%8A%E0%B8%AA%20%E0%B9%80%E0%B8%82%E0%B8%95%E0%B8%AA%E0%B8%A7%E0%B8%99%E0%B8%AB%E0%B8%A5%E0%B8%A7%E0%B8%87%20%E0%B8%81%E0%B8%A3%E0%B8%B8%E0%B8%87%E0%B9%80%E0%B8%97%E0%B8%9E%E0%B8%A1%E0%B8%AB%E0%B8%B2%E0%B8%99%E0%B8%84%E0%B8%A3","not_scanned","not_started","not_started","",""
"กรุงเทพใต้","บางนา","https://www.google.com/maps/search/?api=1&query=%E0%B9%82%E0%B8%A3%E0%B8%87%E0%B9%80%E0%B8%A3%E0%B8%B5%E0%B8%A2%E0%B8%99%E0%B8%94%E0%B8%99%E0%B8%95%E0%B8%A3%E0%B8%B5%20%E0%B9%80%E0%B8%82%E0%B8%95%E0%B8%9A%E0%B8%B2%E0%B8%87%E0%B8%99%E0%B8%B2%20%E0%B8%81%E0%B8%A3%E0%B8%B8%E0%B8%87%E0%B9%80%E0%B8%97%E0%B8%9E%E0%B8%A1%E0%B8%AB%E0%B8%B2%E0%B8%99%E0%B8%84%E0%B8%A3","https://www.google.com/maps/search/?api=1&query=%E0%B9%80%E0%B8%A3%E0%B8%B5%E0%B8%A2%E0%B8%99%E0%B8%94%E0%B8%99%E0%B8%95%E0%B8%A3%E0%B8%B5%E0%B9%84%E0%B8%97%E0%B8%A2%20%E0%B9%80%E0%B8%82%E0%B8%95%E0%B8%9A%E0%B8%B2%E0%B8%87%E0%B8%99%E0%B8%B2%20%E0%B8%81%E0%B8%A3%E0%B8%B8%E0%B8%87%E0%B9%80%E0%B8%97%E0%B8%9E%E0%B8%A1%E0%B8%AB%E0%B8%B2%E0%B8%99%E0%B8%84%E0%B8%A3","https://www.google.com/maps/search/?api=1&query=%E0%B9%80%E0%B8%A3%E0%B8%B5%E0%B8%A2%E0%B8%99%E0%B8%94%E0%B8%99%E0%B8%95%E0%B8%A3%E0%B8%B5%E0%B8%84%E0%B8%A5%E0%B8%B2%E0%B8%AA%E0%B8%AA%E0%B8%B4%E0%B8%81%20%E0%B9%80%E0%B8%82%E0%B8%95%E0%B8%9A%E0%B8%B2%E0%B8%87%E0%B8%99%E0%B8%B2%20%E0%B8%81%E0%B8%A3%E0%B8%B8%E0%B8%87%E0%B9%80%E0%B8%97%E0%B8%9E%E0%B8%A1%E0%B8%AB%E0%B8%B2%E0%B8%99%E0%B8%84%E0%B8%A3","https://www.google.com/maps/search/?api=1&query=%E0%B9%80%E0%B8%A3%E0%B8%B5%E0%B8%A2%E0%B8%99%E0%B8%A3%E0%B9%89%E0%B8%AD%E0%B8%87%E0%B9%80%E0%B8%9E%E0%B8%A5%E0%B8%87%E0%B8%9B%E0%B9%8A%E0%B8%AD%E0%B8%9B%20%E0%B9%80%E0%B8%82%E0%B8%95%E0%B8%9A%E0%B8%B2%E0%B8%87%E0%B8%99%E0%B8%B2%20%E0%B8%81%E0%B8%A3%E0%B8%B8%E0%B8%87%E0%B9%80%E0%B8%97%E0%B8%9E%E0%B8%A1%E0%B8%AB%E0%B8%B2%E0%B8%99%E0%B8%84%E0%B8%A3","https://www.google.com/maps/search/?api=1&query=%E0%B9%80%E0%B8%A3%E0%B8%B5%E0%B8%A2%E0%B8%99%E0%B8%94%E0%B8%99%E0%B8%95%E0%B8%A3%E0%B8%B5%E0%B8%A3%E0%B9%87%E0%B8%AD%E0%B8%81%20%E0%B9%80%E0%B8%82%E0%B8%95%E0%B8%9A%E0%B8%B2%E0%B8%87%E0%B8%99%E0%B8%B2%20%E0%B8%81%E0%B8%A3%E0%B8%B8%E0%B8%87%E0%B9%80%E0%B8%97%E0%B8%9E%E0%B8%A1%E0%B8%AB%E0%B8%B2%E0%B8%99%E0%B8%84%E0%B8%A3","https://www.google.com/maps/search/?api=1&query=%E0%B9%80%E0%B8%A3%E0%B8%B5%E0%B8%A2%E0%B8%99%E0%B8%94%E0%B8%99%E0%B8%95%E0%B8%A3%E0%B8%B5%E0%B9%81%E0%B8%88%E0%B9%8A%E0%B8%AA%20%E0%B9%80%E0%B8%82%E0%B8%95%E0%B8%9A%E0%B8%B2%E0%B8%87%E0%B8%99%E0%B8%B2%20%E0%B8%81%E0%B8%A3%E0%B8%B8%E0%B8%87%E0%B9%80%E0%B8%97%E0%B8%9E%E0%B8%A1%E0%B8%AB%E0%B8%B2%E0%B8%99%E0%B8%84%E0%B8%A3","not_scanned","not_started","not_started","",""
"กรุงเทพใต้","ประเวศ","https://www.google.com/maps/search/?api=1&query=%E0%B9%82%E0%B8%A3%E0%B8%87%E0%B9%80%E0%B8%A3%E0%B8%B5%E0%B8%A2%E0%B8%99%E0%B8%94%E0%B8%99%E0%B8%95%E0%B8%A3%E0%B8%B5%20%E0%B9%80%E0%B8%82%E0%B8%95%E0%B8%9B%E0%B8%A3%E0%B8%B0%E0%B9%80%E0%B8%A7%E0%B8%A8%20%E0%B8%81%E0%B8%A3%E0%B8%B8%E0%B8%87%E0%B9%80%E0%B8%97%E0%B8%9E%E0%B8%A1%E0%B8%AB%E0%B8%B2%E0%B8%99%E0%B8%84%E0%B8%A3","https://www.google.com/maps/search/?api=1&query=%E0%B9%80%E0%B8%A3%E0%B8%B5%E0%B8%A2%E0%B8%99%E0%B8%94%E0%B8%99%E0%B8%95%E0%B8%A3%E0%B8%B5%E0%B9%84%E0%B8%97%E0%B8%A2%20%E0%B9%80%E0%B8%82%E0%B8%95%E0%B8%9B%E0%B8%A3%E0%B8%B0%E0%B9%80%E0%B8%A7%E0%B8%A8%20%E0%B8%81%E0%B8%A3%E0%B8%B8%E0%B8%87%E0%B9%80%E0%B8%97%E0%B8%9E%E0%B8%A1%E0%B8%AB%E0%B8%B2%E0%B8%99%E0%B8%84%E0%B8%A3","https://www.google.com/maps/search/?api=1&query=%E0%B9%80%E0%B8%A3%E0%B8%B5%E0%B8%A2%E0%B8%99%E0%B8%94%E0%B8%99%E0%B8%95%E0%B8%A3%E0%B8%B5%E0%B8%84%E0%B8%A5%E0%B8%B2%E0%B8%AA%E0%B8%AA%E0%B8%B4%E0%B8%81%20%E0%B9%80%E0%B8%82%E0%B8%95%E0%B8%9B%E0%B8%A3%E0%B8%B0%E0%B9%80%E0%B8%A7%E0%B8%A8%20%E0%B8%81%E0%B8%A3%E0%B8%B8%E0%B8%87%E0%B9%80%E0%B8%97%E0%B8%9E%E0%B8%A1%E0%B8%AB%E0%B8%B2%E0%B8%99%E0%B8%84%E0%B8%A3","https://www.google.com/maps/search/?api=1&query=%E0%B9%80%E0%B8%A3%E0%B8%B5%E0%B8%A2%E0%B8%99%E0%B8%A3%E0%B9%89%E0%B8%AD%E0%B8%87%E0%B9%80%E0%B8%9E%E0%B8%A5%E0%B8%87%E0%B8%9B%E0%B9%8A%E0%B8%AD%E0%B8%9B%20%E0%B9%80%E0%B8%82%E0%B8%95%E0%B8%9B%E0%B8%A3%E0%B8%B0%E0%B9%80%E0%B8%A7%E0%B8%A8%20%E0%B8%81%E0%B8%A3%E0%B8%B8%E0%B8%87%E0%B9%80%E0%B8%97%E0%B8%9E%E0%B8%A1%E0%B8%AB%E0%B8%B2%E0%B8%99%E0%B8%84%E0%B8%A3","https://www.google.com/maps/search/?api=1&query=%E0%B9%80%E0%B8%A3%E0%B8%B5%E0%B8%A2%E0%B8%99%E0%B8%94%E0%B8%99%E0%B8%95%E0%B8%A3%E0%B8%B5%E0%B8%A3%E0%B9%87%E0%B8%AD%E0%B8%81%20%E0%B9%80%E0%B8%82%E0%B8%95%E0%B8%9B%E0%B8%A3%E0%B8%B0%E0%B9%80%E0%B8%A7%E0%B8%A8%20%E0%B8%81%E0%B8%A3%E0%B8%B8%E0%B8%87%E0%B9%80%E0%B8%97%E0%B8%9E%E0%B8%A1%E0%B8%AB%E0%B8%B2%E0%B8%99%E0%B8%84%E0%B8%A3","https://www.google.com/maps/search/?api=1&query=%E0%B9%80%E0%B8%A3%E0%B8%B5%E0%B8%A2%E0%B8%99%E0%B8%94%E0%B8%99%E0%B8%95%E0%B8%A3%E0%B8%B5%E0%B9%81%E0%B8%88%E0%B9%8A%E0%B8%AA%20%E0%B9%80%E0%B8%82%E0%B8%95%E0%B8%9B%E0%B8%A3%E0%B8%B0%E0%B9%80%E0%B8%A7%E0%B8%A8%20%E0%B8%81%E0%B8%A3%E0%B8%B8%E0%B8%87%E0%B9%80%E0%B8%97%E0%B8%9E%E0%B8%A1%E0%B8%AB%E0%B8%B2%E0%B8%99%E0%B8%84%E0%B8%A3","not_scanned","not_started","not_started","",""
"กรุงเทพเหนือ","จตุจักร","https://www.google.com/maps/search/?api=1&query=%E0%B9%82%E0%B8%A3%E0%B8%87%E0%B9%80%E0%B8%A3%E0%B8%B5%E0%B8%A2%E0%B8%99%E0%B8%94%E0%B8%99%E0%B8%95%E0%B8%A3%E0%B8%B5%20%E0%B9%80%E0%B8%82%E0%B8%95%E0%B8%88%E0%B8%95%E0%B8%B8%E0%B8%88%E0%B8%B1%E0%B8%81%E0%B8%A3%20%E0%B8%81%E0%B8%A3%E0%B8%B8%E0%B8%87%E0%B9%80%E0%B8%97%E0%B8%9E%E0%B8%A1%E0%B8%AB%E0%B8%B2%E0%B8%99%E0%B8%84%E0%B8%A3","https://www.google.com/maps/search/?api=1&query=%E0%B9%80%E0%B8%A3%E0%B8%B5%E0%B8%A2%E0%B8%99%E0%B8%94%E0%B8%99%E0%B8%95%E0%B8%A3%E0%B8%B5%E0%B9%84%E0%B8%97%E0%B8%A2%20%E0%B9%80%E0%B8%82%E0%B8%95%E0%B8%88%E0%B8%95%E0%B8%B8%E0%B8%88%E0%B8%B1%E0%B8%81%E0%B8%A3%20%E0%B8%81%E0%B8%A3%E0%B8%B8%E0%B8%87%E0%B9%80%E0%B8%97%E0%B8%9E%E0%B8%A1%E0%B8%AB%E0%B8%B2%E0%B8%99%E0%B8%84%E0%B8%A3","https://www.google.com/maps/search/?api=1&query=%E0%B9%80%E0%B8%A3%E0%B8%B5%E0%B8%A2%E0%B8%99%E0%B8%94%E0%B8%99%E0%B8%95%E0%B8%A3%E0%B8%B5%E0%B8%84%E0%B8%A5%E0%B8%B2%E0%B8%AA%E0%B8%AA%E0%B8%B4%E0%B8%81%20%E0%B9%80%E0%B8%82%E0%B8%95%E0%B8%88%E0%B8%95%E0%B8%B8%E0%B8%88%E0%B8%B1%E0%B8%81%E0%B8%A3%20%E0%B8%81%E0%B8%A3%E0%B8%B8%E0%B8%87%E0%B9%80%E0%B8%97%E0%B8%9E%E0%B8%A1%E0%B8%AB%E0%B8%B2%E0%B8%99%E0%B8%84%E0%B8%A3","https://www.google.com/maps/search/?api=1&query=%E0%B9%80%E0%B8%A3%E0%B8%B5%E0%B8%A2%E0%B8%99%E0%B8%A3%E0%B9%89%E0%B8%AD%E0%B8%87%E0%B9%80%E0%B8%9E%E0%B8%A5%E0%B8%87%E0%B8%9B%E0%B9%8A%E0%B8%AD%E0%B8%9B%20%E0%B9%80%E0%B8%82%E0%B8%95%E0%B8%88%E0%B8%95%E0%B8%B8%E0%B8%88%E0%B8%B1%E0%B8%81%E0%B8%A3%20%E0%B8%81%E0%B8%A3%E0%B8%B8%E0%B8%87%E0%B9%80%E0%B8%97%E0%B8%9E%E0%B8%A1%E0%B8%AB%E0%B8%B2%E0%B8%99%E0%B8%84%E0%B8%A3","https://www.google.com/maps/search/?api=1&query=%E0%B9%80%E0%B8%A3%E0%B8%B5%E0%B8%A2%E0%B8%99%E0%B8%94%E0%B8%99%E0%B8%95%E0%B8%A3%E0%B8%B5%E0%B8%A3%E0%B9%87%E0%B8%AD%E0%B8%81%20%E0%B9%80%E0%B8%82%E0%B8%95%E0%B8%88%E0%B8%95%E0%B8%B8%E0%B8%88%E0%B8%B1%E0%B8%81%E0%B8%A3%20%E0%B8%81%E0%B8%A3%E0%B8%B8%E0%B8%87%E0%B9%80%E0%B8%97%E0%B8%9E%E0%B8%A1%E0%B8%AB%E0%B8%B2%E0%B8%99%E0%B8%84%E0%B8%A3","https://www.google.com/maps/search/?api=1&query=%E0%B9%80%E0%B8%A3%E0%B8%B5%E0%B8%A2%E0%B8%99%E0%B8%94%E0%B8%99%E0%B8%95%E0%B8%A3%E0%B8%B5%E0%B9%81%E0%B8%88%E0%B9%8A%E0%B8%AA%20%E0%B9%80%E0%B8%82%E0%B8%95%E0%B8%88%E0%B8%95%E0%B8%B8%E0%B8%88%E0%B8%B1%E0%B8%81%E0%B8%A3%20%E0%B8%81%E0%B8%A3%E0%B8%B8%E0%B8%87%E0%B9%80%E0%B8%97%E0%B8%9E%E0%B8%A1%E0%B8%AB%E0%B8%B2%E0%B8%99%E0%B8%84%E0%B8%A3","not_scanned","not_started","not_started","",""
"กรุงเทพเหนือ","บางซื่อ","https://www.google.com/maps/search/?api=1&query=%E0%B9%82%E0%B8%A3%E0%B8%87%E0%B9%80%E0%B8%A3%E0%B8%B5%E0%B8%A2%E0%B8%99%E0%B8%94%E0%B8%99%E0%B8%95%E0%B8%A3%E0%B8%B5%20%E0%B9%80%E0%B8%82%E0%B8%95%E0%B8%9A%E0%B8%B2%E0%B8%87%E0%B8%8B%E0%B8%B7%E0%B9%88%E0%B8%AD%20%E0%B8%81%E0%B8%A3%E0%B8%B8%E0%B8%87%E0%B9%80%E0%B8%97%E0%B8%9E%E0%B8%A1%E0%B8%AB%E0%B8%B2%E0%B8%99%E0%B8%84%E0%B8%A3","https://www.google.com/maps/search/?api=1&query=%E0%B9%80%E0%B8%A3%E0%B8%B5%E0%B8%A2%E0%B8%99%E0%B8%94%E0%B8%99%E0%B8%95%E0%B8%A3%E0%B8%B5%E0%B9%84%E0%B8%97%E0%B8%A2%20%E0%B9%80%E0%B8%82%E0%B8%95%E0%B8%9A%E0%B8%B2%E0%B8%87%E0%B8%8B%E0%B8%B7%E0%B9%88%E0%B8%AD%20%E0%B8%81%E0%B8%A3%E0%B8%B8%E0%B8%87%E0%B9%80%E0%B8%97%E0%B8%9E%E0%B8%A1%E0%B8%AB%E0%B8%B2%E0%B8%99%E0%B8%84%E0%B8%A3","https://www.google.com/maps/search/?api=1&query=%E0%B9%80%E0%B8%A3%E0%B8%B5%E0%B8%A2%E0%B8%99%E0%B8%94%E0%B8%99%E0%B8%95%E0%B8%A3%E0%B8%B5%E0%B8%84%E0%B8%A5%E0%B8%B2%E0%B8%AA%E0%B8%AA%E0%B8%B4%E0%B8%81%20%E0%B9%80%E0%B8%82%E0%B8%95%E0%B8%9A%E0%B8%B2%E0%B8%87%E0%B8%8B%E0%B8%B7%E0%B9%88%E0%B8%AD%20%E0%B8%81%E0%B8%A3%E0%B8%B8%E0%B8%87%E0%B9%80%E0%B8%97%E0%B8%9E%E0%B8%A1%E0%B8%AB%E0%B8%B2%E0%B8%99%E0%B8%84%E0%B8%A3","https://www.google.com/maps/search/?api=1&query=%E0%B9%80%E0%B8%A3%E0%B8%B5%E0%B8%A2%E0%B8%99%E0%B8%A3%E0%B9%89%E0%B8%AD%E0%B8%87%E0%B9%80%E0%B8%9E%E0%B8%A5%E0%B8%87%E0%B8%9B%E0%B9%8A%E0%B8%AD%E0%B8%9B%20%E0%B9%80%E0%B8%82%E0%B8%95%E0%B8%9A%E0%B8%B2%E0%B8%87%E0%B8%8B%E0%B8%B7%E0%B9%88%E0%B8%AD%20%E0%B8%81%E0%B8%A3%E0%B8%B8%E0%B8%87%E0%B9%80%E0%B8%97%E0%B8%9E%E0%B8%A1%E0%B8%AB%E0%B8%B2%E0%B8%99%E0%B8%84%E0%B8%A3","https://www.google.com/maps/search/?api=1&query=%E0%B9%80%E0%B8%A3%E0%B8%B5%E0%B8%A2%E0%B8%99%E0%B8%94%E0%B8%99%E0%B8%95%E0%B8%A3%E0%B8%B5%E0%B8%A3%E0%B9%87%E0%B8%AD%E0%B8%81%20%E0%B9%80%E0%B8%82%E0%B8%95%E0%B8%9A%E0%B8%B2%E0%B8%87%E0%B8%8B%E0%B8%B7%E0%B9%88%E0%B8%AD%20%E0%B8%81%E0%B8%A3%E0%B8%B8%E0%B8%87%E0%B9%80%E0%B8%97%E0%B8%9E%E0%B8%A1%E0%B8%AB%E0%B8%B2%E0%B8%99%E0%B8%84%E0%B8%A3","https://www.google.com/maps/search/?api=1&query=%E0%B9%80%E0%B8%A3%E0%B8%B5%E0%B8%A2%E0%B8%99%E0%B8%94%E0%B8%99%E0%B8%95%E0%B8%A3%E0%B8%B5%E0%B9%81%E0%B8%88%E0%B9%8A%E0%B8%AA%20%E0%B9%80%E0%B8%82%E0%B8%95%E0%B8%9A%E0%B8%B2%E0%B8%87%E0%B8%8B%E0%B8%B7%E0%B9%88%E0%B8%AD%20%E0%B8%81%E0%B8%A3%E0%B8%B8%E0%B8%87%E0%B9%80%E0%B8%97%E0%B8%9E%E0%B8%A1%E0%B8%AB%E0%B8%B2%E0%B8%99%E0%B8%84%E0%B8%A3","not_scanned","not_started","not_started","",""
"กรุงเทพเหนือ","ลาดพร้าว","https://www.google.com/maps/search/?api=1&query=%E0%B9%82%E0%B8%A3%E0%B8%87%E0%B9%80%E0%B8%A3%E0%B8%B5%E0%B8%A2%E0%B8%99%E0%B8%94%E0%B8%99%E0%B8%95%E0%B8%A3%E0%B8%B5%20%E0%B9%80%E0%B8%82%E0%B8%95%E0%B8%A5%E0%B8%B2%E0%B8%94%E0%B8%9E%E0%B8%A3%E0%B9%89%E0%B8%B2%E0%B8%A7%20%E0%B8%81%E0%B8%A3%E0%B8%B8%E0%B8%87%E0%B9%80%E0%B8%97%E0%B8%9E%E0%B8%A1%E0%B8%AB%E0%B8%B2%E0%B8%99%E0%B8%84%E0%B8%A3","https://www.google.com/maps/search/?api=1&query=%E0%B9%80%E0%B8%A3%E0%B8%B5%E0%B8%A2%E0%B8%99%E0%B8%94%E0%B8%99%E0%B8%95%E0%B8%A3%E0%B8%B5%E0%B9%84%E0%B8%97%E0%B8%A2%20%E0%B9%80%E0%B8%82%E0%B8%95%E0%B8%A5%E0%B8%B2%E0%B8%94%E0%B8%9E%E0%B8%A3%E0%B9%89%E0%B8%B2%E0%B8%A7%20%E0%B8%81%E0%B8%A3%E0%B8%B8%E0%B8%87%E0%B9%80%E0%B8%97%E0%B8%9E%E0%B8%A1%E0%B8%AB%E0%B8%B2%E0%B8%99%E0%B8%84%E0%B8%A3","https://www.google.com/maps/search/?api=1&query=%E0%B9%80%E0%B8%A3%E0%B8%B5%E0%B8%A2%E0%B8%99%E0%B8%94%E0%B8%99%E0%B8%95%E0%B8%A3%E0%B8%B5%E0%B8%84%E0%B8%A5%E0%B8%B2%E0%B8%AA%E0%B8%AA%E0%B8%B4%E0%B8%81%20%E0%B9%80%E0%B8%82%E0%B8%95%E0%B8%A5%E0%B8%B2%E0%B8%94%E0%B8%9E%E0%B8%A3%E0%B9%89%E0%B8%B2%E0%B8%A7%20%E0%B8%81%E0%B8%A3%E0%B8%B8%E0%B8%87%E0%B9%80%E0%B8%97%E0%B8%9E%E0%B8%A1%E0%B8%AB%E0%B8%B2%E0%B8%99%E0%B8%84%E0%B8%A3","https://www.google.com/maps/search/?api=1&query=%E0%B9%80%E0%B8%A3%E0%B8%B5%E0%B8%A2%E0%B8%99%E0%B8%A3%E0%B9%89%E0%B8%AD%E0%B8%87%E0%B9%80%E0%B8%9E%E0%B8%A5%E0%B8%87%E0%B8%9B%E0%B9%8A%E0%B8%AD%E0%B8%9B%20%E0%B9%80%E0%B8%82%E0%B8%95%E0%B8%A5%E0%B8%B2%E0%B8%94%E0%B8%9E%E0%B8%A3%E0%B9%89%E0%B8%B2%E0%B8%A7%20%E0%B8%81%E0%B8%A3%E0%B8%B8%E0%B8%87%E0%B9%80%E0%B8%97%E0%B8%9E%E0%B8%A1%E0%B8%AB%E0%B8%B2%E0%B8%99%E0%B8%84%E0%B8%A3","https://www.google.com/maps/search/?api=1&query=%E0%B9%80%E0%B8%A3%E0%B8%B5%E0%B8%A2%E0%B8%99%E0%B8%94%E0%B8%99%E0%B8%95%E0%B8%A3%E0%B8%B5%E0%B8%A3%E0%B9%87%E0%B8%AD%E0%B8%81%20%E0%B9%80%E0%B8%82%E0%B8%95%E0%B8%A5%E0%B8%B2%E0%B8%94%E0%B8%9E%E0%B8%A3%E0%B9%89%E0%B8%B2%E0%B8%A7%20%E0%B8%81%E0%B8%A3%E0%B8%B8%E0%B8%87%E0%B9%80%E0%B8%97%E0%B8%9E%E0%B8%A1%E0%B8%AB%E0%B8%B2%E0%B8%99%E0%B8%84%E0%B8%A3","https://www.google.com/maps/search/?api=1&query=%E0%B9%80%E0%B8%A3%E0%B8%B5%E0%B8%A2%E0%B8%99%E0%B8%94%E0%B8%99%E0%B8%95%E0%B8%A3%E0%B8%B5%E0%B9%81%E0%B8%88%E0%B9%8A%E0%B8%AA%20%E0%B9%80%E0%B8%82%E0%B8%95%E0%B8%A5%E0%B8%B2%E0%B8%94%E0%B8%9E%E0%B8%A3%E0%B9%89%E0%B8%B2%E0%B8%A7%20%E0%B8%81%E0%B8%A3%E0%B8%B8%E0%B8%87%E0%B9%80%E0%B8%97%E0%B8%9E%E0%B8%A1%E0%B8%AB%E0%B8%B2%E0%B8%99%E0%B8%84%E0%B8%A3","not_scanned","not_started","not_started","",""
"กรุงเทพเหนือ","หลักสี่","https://www.google.com/maps/search/?api=1&query=%E0%B9%82%E0%B8%A3%E0%B8%87%E0%B9%80%E0%B8%A3%E0%B8%B5%E0%B8%A2%E0%B8%99%E0%B8%94%E0%B8%99%E0%B8%95%E0%B8%A3%E0%B8%B5%20%E0%B9%80%E0%B8%82%E0%B8%95%E0%B8%AB%E0%B8%A5%E0%B8%B1%E0%B8%81%E0%B8%AA%E0%B8%B5%E0%B9%88%20%E0%B8%81%E0%B8%A3%E0%B8%B8%E0%B8%87%E0%B9%80%E0%B8%97%E0%B8%9E%E0%B8%A1%E0%B8%AB%E0%B8%B2%E0%B8%99%E0%B8%84%E0%B8%A3","https://www.google.com/maps/search/?api=1&query=%E0%B9%80%E0%B8%A3%E0%B8%B5%E0%B8%A2%E0%B8%99%E0%B8%94%E0%B8%99%E0%B8%95%E0%B8%A3%E0%B8%B5%E0%B9%84%E0%B8%97%E0%B8%A2%20%E0%B9%80%E0%B8%82%E0%B8%95%E0%B8%AB%E0%B8%A5%E0%B8%B1%E0%B8%81%E0%B8%AA%E0%B8%B5%E0%B9%88%20%E0%B8%81%E0%B8%A3%E0%B8%B8%E0%B8%87%E0%B9%80%E0%B8%97%E0%B8%9E%E0%B8%A1%E0%B8%AB%E0%B8%B2%E0%B8%99%E0%B8%84%E0%B8%A3","https://www.google.com/maps/search/?api=1&query=%E0%B9%80%E0%B8%A3%E0%B8%B5%E0%B8%A2%E0%B8%99%E0%B8%94%E0%B8%99%E0%B8%95%E0%B8%A3%E0%B8%B5%E0%B8%84%E0%B8%A5%E0%B8%B2%E0%B8%AA%E0%B8%AA%E0%B8%B4%E0%B8%81%20%E0%B9%80%E0%B8%82%E0%B8%95%E0%B8%AB%E0%B8%A5%E0%B8%B1%E0%B8%81%E0%B8%AA%E0%B8%B5%E0%B9%88%20%E0%B8%81%E0%B8%A3%E0%B8%B8%E0%B8%87%E0%B9%80%E0%B8%97%E0%B8%9E%E0%B8%A1%E0%B8%AB%E0%B8%B2%E0%B8%99%E0%B8%84%E0%B8%A3","https://www.google.com/maps/search/?api=1&query=%E0%B9%80%E0%B8%A3%E0%B8%B5%E0%B8%A2%E0%B8%99%E0%B8%A3%E0%B9%89%E0%B8%AD%E0%B8%87%E0%B9%80%E0%B8%9E%E0%B8%A5%E0%B8%87%E0%B8%9B%E0%B9%8A%E0%B8%AD%E0%B8%9B%20%E0%B9%80%E0%B8%82%E0%B8%95%E0%B8%AB%E0%B8%A5%E0%B8%B1%E0%B8%81%E0%B8%AA%E0%B8%B5%E0%B9%88%20%E0%B8%81%E0%B8%A3%E0%B8%B8%E0%B8%87%E0%B9%80%E0%B8%97%E0%B8%9E%E0%B8%A1%E0%B8%AB%E0%B8%B2%E0%B8%99%E0%B8%84%E0%B8%A3","https://www.google.com/maps/search/?api=1&query=%E0%B9%80%E0%B8%A3%E0%B8%B5%E0%B8%A2%E0%B8%99%E0%B8%94%E0%B8%99%E0%B8%95%E0%B8%A3%E0%B8%B5%E0%B8%A3%E0%B9%87%E0%B8%AD%E0%B8%81%20%E0%B9%80%E0%B8%82%E0%B8%95%E0%B8%AB%E0%B8%A5%E0%B8%B1%E0%B8%81%E0%B8%AA%E0%B8%B5%E0%B9%88%20%E0%B8%81%E0%B8%A3%E0%B8%B8%E0%B8%87%E0%B9%80%E0%B8%97%E0%B8%9E%E0%B8%A1%E0%B8%AB%E0%B8%B2%E0%B8%99%E0%B8%84%E0%B8%A3","https://www.google.com/maps/search/?api=1&query=%E0%B9%80%E0%B8%A3%E0%B8%B5%E0%B8%A2%E0%B8%99%E0%B8%94%E0%B8%99%E0%B8%95%E0%B8%A3%E0%B8%B5%E0%B9%81%E0%B8%88%E0%B9%8A%E0%B8%AA%20%E0%B9%80%E0%B8%82%E0%B8%95%E0%B8%AB%E0%B8%A5%E0%B8%B1%E0%B8%81%E0%B8%AA%E0%B8%B5%E0%B9%88%20%E0%B8%81%E0%B8%A3%E0%B8%B8%E0%B8%87%E0%B9%80%E0%B8%97%E0%B8%9E%E0%B8%A1%E0%B8%AB%E0%B8%B2%E0%B8%99%E0%B8%84%E0%B8%A3","not_scanned","not_started","not_started","",""
"กรุงเทพเหนือ","ดอนเมือง","https://www.google.com/maps/search/?api=1&query=%E0%B9%82%E0%B8%A3%E0%B8%87%E0%B9%80%E0%B8%A3%E0%B8%B5%E0%B8%A2%E0%B8%99%E0%B8%94%E0%B8%99%E0%B8%95%E0%B8%A3%E0%B8%B5%20%E0%B9%80%E0%B8%82%E0%B8%95%E0%B8%94%E0%B8%AD%E0%B8%99%E0%B9%80%E0%B8%A1%E0%B8%B7%E0%B8%AD%E0%B8%87%20%E0%B8%81%E0%B8%A3%E0%B8%B8%E0%B8%87%E0%B9%80%E0%B8%97%E0%B8%9E%E0%B8%A1%E0%B8%AB%E0%B8%B2%E0%B8%99%E0%B8%84%E0%B8%A3","https://www.google.com/maps/search/?api=1&query=%E0%B9%80%E0%B8%A3%E0%B8%B5%E0%B8%A2%E0%B8%99%E0%B8%94%E0%B8%99%E0%B8%95%E0%B8%A3%E0%B8%B5%E0%B9%84%E0%B8%97%E0%B8%A2%20%E0%B9%80%E0%B8%82%E0%B8%95%E0%B8%94%E0%B8%AD%E0%B8%99%E0%B9%80%E0%B8%A1%E0%B8%B7%E0%B8%AD%E0%B8%87%20%E0%B8%81%E0%B8%A3%E0%B8%B8%E0%B8%87%E0%B9%80%E0%B8%97%E0%B8%9E%E0%B8%A1%E0%B8%AB%E0%B8%B2%E0%B8%99%E0%B8%84%E0%B8%A3","https://www.google.com/maps/search/?api=1&query=%E0%B9%80%E0%B8%A3%E0%B8%B5%E0%B8%A2%E0%B8%99%E0%B8%94%E0%B8%99%E0%B8%95%E0%B8%A3%E0%B8%B5%E0%B8%84%E0%B8%A5%E0%B8%B2%E0%B8%AA%E0%B8%AA%E0%B8%B4%E0%B8%81%20%E0%B9%80%E0%B8%82%E0%B8%95%E0%B8%94%E0%B8%AD%E0%B8%99%E0%B9%80%E0%B8%A1%E0%B8%B7%E0%B8%AD%E0%B8%87%20%E0%B8%81%E0%B8%A3%E0%B8%B8%E0%B8%87%E0%B9%80%E0%B8%97%E0%B8%9E%E0%B8%A1%E0%B8%AB%E0%B8%B2%E0%B8%99%E0%B8%84%E0%B8%A3","https://www.google.com/maps/search/?api=1&query=%E0%B9%80%E0%B8%A3%E0%B8%B5%E0%B8%A2%E0%B8%99%E0%B8%A3%E0%B9%89%E0%B8%AD%E0%B8%87%E0%B9%80%E0%B8%9E%E0%B8%A5%E0%B8%87%E0%B8%9B%E0%B9%8A%E0%B8%AD%E0%B8%9B%20%E0%B9%80%E0%B8%82%E0%B8%95%E0%B8%94%E0%B8%AD%E0%B8%99%E0%B9%80%E0%B8%A1%E0%B8%B7%E0%B8%AD%E0%B8%87%20%E0%B8%81%E0%B8%A3%E0%B8%B8%E0%B8%87%E0%B9%80%E0%B8%97%E0%B8%9E%E0%B8%A1%E0%B8%AB%E0%B8%B2%E0%B8%99%E0%B8%84%E0%B8%A3","https://www.google.com/maps/search/?api=1&query=%E0%B9%80%E0%B8%A3%E0%B8%B5%E0%B8%A2%E0%B8%99%E0%B8%94%E0%B8%99%E0%B8%95%E0%B8%A3%E0%B8%B5%E0%B8%A3%E0%B9%87%E0%B8%AD%E0%B8%81%20%E0%B9%80%E0%B8%82%E0%B8%95%E0%B8%94%E0%B8%AD%E0%B8%99%E0%B9%80%E0%B8%A1%E0%B8%B7%E0%B8%AD%E0%B8%87%20%E0%B8%81%E0%B8%A3%E0%B8%B8%E0%B8%87%E0%B9%80%E0%B8%97%E0%B8%9E%E0%B8%A1%E0%B8%AB%E0%B8%B2%E0%B8%99%E0%B8%84%E0%B8%A3","https://www.google.com/maps/search/?api=1&query=%E0%B9%80%E0%B8%A3%E0%B8%B5%E0%B8%A2%E0%B8%99%E0%B8%94%E0%B8%99%E0%B8%95%E0%B8%A3%E0%B8%B5%E0%B9%81%E0%B8%88%E0%B9%8A%E0%B8%AA%20%E0%B9%80%E0%B8%82%E0%B8%95%E0%B8%94%E0%B8%AD%E0%B8%99%E0%B9%80%E0%B8%A1%E0%B8%B7%E0%B8%AD%E0%B8%87%20%E0%B8%81%E0%B8%A3%E0%B8%B8%E0%B8%87%E0%B9%80%E0%B8%97%E0%B8%9E%E0%B8%A1%E0%B8%AB%E0%B8%B2%E0%B8%99%E0%B8%84%E0%B8%A3","not_scanned","not_started","not_started","",""
"กรุงเทพเหนือ","สายไหม","https://www.google.com/maps/search/?api=1&query=%E0%B9%82%E0%B8%A3%E0%B8%87%E0%B9%80%E0%B8%A3%E0%B8%B5%E0%B8%A2%E0%B8%99%E0%B8%94%E0%B8%99%E0%B8%95%E0%B8%A3%E0%B8%B5%20%E0%B9%80%E0%B8%82%E0%B8%95%E0%B8%AA%E0%B8%B2%E0%B8%A2%E0%B9%84%E0%B8%AB%E0%B8%A1%20%E0%B8%81%E0%B8%A3%E0%B8%B8%E0%B8%87%E0%B9%80%E0%B8%97%E0%B8%9E%E0%B8%A1%E0%B8%AB%E0%B8%B2%E0%B8%99%E0%B8%84%E0%B8%A3","https://www.google.com/maps/search/?api=1&query=%E0%B9%80%E0%B8%A3%E0%B8%B5%E0%B8%A2%E0%B8%99%E0%B8%94%E0%B8%99%E0%B8%95%E0%B8%A3%E0%B8%B5%E0%B9%84%E0%B8%97%E0%B8%A2%20%E0%B9%80%E0%B8%82%E0%B8%95%E0%B8%AA%E0%B8%B2%E0%B8%A2%E0%B9%84%E0%B8%AB%E0%B8%A1%20%E0%B8%81%E0%B8%A3%E0%B8%B8%E0%B8%87%E0%B9%80%E0%B8%97%E0%B8%9E%E0%B8%A1%E0%B8%AB%E0%B8%B2%E0%B8%99%E0%B8%84%E0%B8%A3","https://www.google.com/maps/search/?api=1&query=%E0%B9%80%E0%B8%A3%E0%B8%B5%E0%B8%A2%E0%B8%99%E0%B8%94%E0%B8%99%E0%B8%95%E0%B8%A3%E0%B8%B5%E0%B8%84%E0%B8%A5%E0%B8%B2%E0%B8%AA%E0%B8%AA%E0%B8%B4%E0%B8%81%20%E0%B9%80%E0%B8%82%E0%B8%95%E0%B8%AA%E0%B8%B2%E0%B8%A2%E0%B9%84%E0%B8%AB%E0%B8%A1%20%E0%B8%81%E0%B8%A3%E0%B8%B8%E0%B8%87%E0%B9%80%E0%B8%97%E0%B8%9E%E0%B8%A1%E0%B8%AB%E0%B8%B2%E0%B8%99%E0%B8%84%E0%B8%A3","https://www.google.com/maps/search/?api=1&query=%E0%B9%80%E0%B8%A3%E0%B8%B5%E0%B8%A2%E0%B8%99%E0%B8%A3%E0%B9%89%E0%B8%AD%E0%B8%87%E0%B9%80%E0%B8%9E%E0%B8%A5%E0%B8%87%E0%B8%9B%E0%B9%8A%E0%B8%AD%E0%B8%9B%20%E0%B9%80%E0%B8%82%E0%B8%95%E0%B8%AA%E0%B8%B2%E0%B8%A2%E0%B9%84%E0%B8%AB%E0%B8%A1%20%E0%B8%81%E0%B8%A3%E0%B8%B8%E0%B8%87%E0%B9%80%E0%B8%97%E0%B8%9E%E0%B8%A1%E0%B8%AB%E0%B8%B2%E0%B8%99%E0%B8%84%E0%B8%A3","https://www.google.com/maps/search/?api=1&query=%E0%B9%80%E0%B8%A3%E0%B8%B5%E0%B8%A2%E0%B8%99%E0%B8%94%E0%B8%99%E0%B8%95%E0%B8%A3%E0%B8%B5%E0%B8%A3%E0%B9%87%E0%B8%AD%E0%B8%81%20%E0%B9%80%E0%B8%82%E0%B8%95%E0%B8%AA%E0%B8%B2%E0%B8%A2%E0%B9%84%E0%B8%AB%E0%B8%A1%20%E0%B8%81%E0%B8%A3%E0%B8%B8%E0%B8%87%E0%B9%80%E0%B8%97%E0%B8%9E%E0%B8%A1%E0%B8%AB%E0%B8%B2%E0%B8%99%E0%B8%84%E0%B8%A3","https://www.google.com/maps/search/?api=1&query=%E0%B9%80%E0%B8%A3%E0%B8%B5%E0%B8%A2%E0%B8%99%E0%B8%94%E0%B8%99%E0%B8%95%E0%B8%A3%E0%B8%B5%E0%B9%81%E0%B8%88%E0%B9%8A%E0%B8%AA%20%E0%B9%80%E0%B8%82%E0%B8%95%E0%B8%AA%E0%B8%B2%E0%B8%A2%E0%B9%84%E0%B8%AB%E0%B8%A1%20%E0%B8%81%E0%B8%A3%E0%B8%B8%E0%B8%87%E0%B9%80%E0%B8%97%E0%B8%9E%E0%B8%A1%E0%B8%AB%E0%B8%B2%E0%B8%99%E0%B8%84%E0%B8%A3","not_scanned","not_started","not_started","",""
"กรุงเทพเหนือ","บางเขน","https://www.google.com/maps/search/?api=1&query=%E0%B9%82%E0%B8%A3%E0%B8%87%E0%B9%80%E0%B8%A3%E0%B8%B5%E0%B8%A2%E0%B8%99%E0%B8%94%E0%B8%99%E0%B8%95%E0%B8%A3%E0%B8%B5%20%E0%B9%80%E0%B8%82%E0%B8%95%E0%B8%9A%E0%B8%B2%E0%B8%87%E0%B9%80%E0%B8%82%E0%B8%99%20%E0%B8%81%E0%B8%A3%E0%B8%B8%E0%B8%87%E0%B9%80%E0%B8%97%E0%B8%9E%E0%B8%A1%E0%B8%AB%E0%B8%B2%E0%B8%99%E0%B8%84%E0%B8%A3","https://www.google.com/maps/search/?api=1&query=%E0%B9%80%E0%B8%A3%E0%B8%B5%E0%B8%A2%E0%B8%99%E0%B8%94%E0%B8%99%E0%B8%95%E0%B8%A3%E0%B8%B5%E0%B9%84%E0%B8%97%E0%B8%A2%20%E0%B9%80%E0%B8%82%E0%B8%95%E0%B8%9A%E0%B8%B2%E0%B8%87%E0%B9%80%E0%B8%82%E0%B8%99%20%E0%B8%81%E0%B8%A3%E0%B8%B8%E0%B8%87%E0%B9%80%E0%B8%97%E0%B8%9E%E0%B8%A1%E0%B8%AB%E0%B8%B2%E0%B8%99%E0%B8%84%E0%B8%A3","https://www.google.com/maps/search/?api=1&query=%E0%B9%80%E0%B8%A3%E0%B8%B5%E0%B8%A2%E0%B8%99%E0%B8%94%E0%B8%99%E0%B8%95%E0%B8%A3%E0%B8%B5%E0%B8%84%E0%B8%A5%E0%B8%B2%E0%B8%AA%E0%B8%AA%E0%B8%B4%E0%B8%81%20%E0%B9%80%E0%B8%82%E0%B8%95%E0%B8%9A%E0%B8%B2%E0%B8%87%E0%B9%80%E0%B8%82%E0%B8%99%20%E0%B8%81%E0%B8%A3%E0%B8%B8%E0%B8%87%E0%B9%80%E0%B8%97%E0%B8%9E%E0%B8%A1%E0%B8%AB%E0%B8%B2%E0%B8%99%E0%B8%84%E0%B8%A3","https://www.google.com/maps/search/?api=1&query=%E0%B9%80%E0%B8%A3%E0%B8%B5%E0%B8%A2%E0%B8%99%E0%B8%A3%E0%B9%89%E0%B8%AD%E0%B8%87%E0%B9%80%E0%B8%9E%E0%B8%A5%E0%B8%87%E0%B8%9B%E0%B9%8A%E0%B8%AD%E0%B8%9B%20%E0%B9%80%E0%B8%82%E0%B8%95%E0%B8%9A%E0%B8%B2%E0%B8%87%E0%B9%80%E0%B8%82%E0%B8%99%20%E0%B8%81%E0%B8%A3%E0%B8%B8%E0%B8%87%E0%B9%80%E0%B8%97%E0%B8%9E%E0%B8%A1%E0%B8%AB%E0%B8%B2%E0%B8%99%E0%B8%84%E0%B8%A3","https://www.google.com/maps/search/?api=1&query=%E0%B9%80%E0%B8%A3%E0%B8%B5%E0%B8%A2%E0%B8%99%E0%B8%94%E0%B8%99%E0%B8%95%E0%B8%A3%E0%B8%B5%E0%B8%A3%E0%B9%87%E0%B8%AD%E0%B8%81%20%E0%B9%80%E0%B8%82%E0%B8%95%E0%B8%9A%E0%B8%B2%E0%B8%87%E0%B9%80%E0%B8%82%E0%B8%99%20%E0%B8%81%E0%B8%A3%E0%B8%B8%E0%B8%87%E0%B9%80%E0%B8%97%E0%B8%9E%E0%B8%A1%E0%B8%AB%E0%B8%B2%E0%B8%99%E0%B8%84%E0%B8%A3","https://www.google.com/maps/search/?api=1&query=%E0%B9%80%E0%B8%A3%E0%B8%B5%E0%B8%A2%E0%B8%99%E0%B8%94%E0%B8%99%E0%B8%95%E0%B8%A3%E0%B8%B5%E0%B9%81%E0%B8%88%E0%B9%8A%E0%B8%AA%20%E0%B9%80%E0%B8%82%E0%B8%95%E0%B8%9A%E0%B8%B2%E0%B8%87%E0%B9%80%E0%B8%82%E0%B8%99%20%E0%B8%81%E0%B8%A3%E0%B8%B8%E0%B8%87%E0%B9%80%E0%B8%97%E0%B8%9E%E0%B8%A1%E0%B8%AB%E0%B8%B2%E0%B8%99%E0%B8%84%E0%B8%A3","not_scanned","not_started","not_started","",""
"กรุงเทพตะวันออก","บางกะปิ","https://www.google.com/maps/search/?api=1&query=%E0%B9%82%E0%B8%A3%E0%B8%87%E0%B9%80%E0%B8%A3%E0%B8%B5%E0%B8%A2%E0%B8%99%E0%B8%94%E0%B8%99%E0%B8%95%E0%B8%A3%E0%B8%B5%20%E0%B9%80%E0%B8%82%E0%B8%95%E0%B8%9A%E0%B8%B2%E0%B8%87%E0%B8%81%E0%B8%B0%E0%B8%9B%E0%B8%B4%20%E0%B8%81%E0%B8%A3%E0%B8%B8%E0%B8%87%E0%B9%80%E0%B8%97%E0%B8%9E%E0%B8%A1%E0%B8%AB%E0%B8%B2%E0%B8%99%E0%B8%84%E0%B8%A3","https://www.google.com/maps/search/?api=1&query=%E0%B9%80%E0%B8%A3%E0%B8%B5%E0%B8%A2%E0%B8%99%E0%B8%94%E0%B8%99%E0%B8%95%E0%B8%A3%E0%B8%B5%E0%B9%84%E0%B8%97%E0%B8%A2%20%E0%B9%80%E0%B8%82%E0%B8%95%E0%B8%9A%E0%B8%B2%E0%B8%87%E0%B8%81%E0%B8%B0%E0%B8%9B%E0%B8%B4%20%E0%B8%81%E0%B8%A3%E0%B8%B8%E0%B8%87%E0%B9%80%E0%B8%97%E0%B8%9E%E0%B8%A1%E0%B8%AB%E0%B8%B2%E0%B8%99%E0%B8%84%E0%B8%A3","https://www.google.com/maps/search/?api=1&query=%E0%B9%80%E0%B8%A3%E0%B8%B5%E0%B8%A2%E0%B8%99%E0%B8%94%E0%B8%99%E0%B8%95%E0%B8%A3%E0%B8%B5%E0%B8%84%E0%B8%A5%E0%B8%B2%E0%B8%AA%E0%B8%AA%E0%B8%B4%E0%B8%81%20%E0%B9%80%E0%B8%82%E0%B8%95%E0%B8%9A%E0%B8%B2%E0%B8%87%E0%B8%81%E0%B8%B0%E0%B8%9B%E0%B8%B4%20%E0%B8%81%E0%B8%A3%E0%B8%B8%E0%B8%87%E0%B9%80%E0%B8%97%E0%B8%9E%E0%B8%A1%E0%B8%AB%E0%B8%B2%E0%B8%99%E0%B8%84%E0%B8%A3","https://www.google.com/maps/search/?api=1&query=%E0%B9%80%E0%B8%A3%E0%B8%B5%E0%B8%A2%E0%B8%99%E0%B8%A3%E0%B9%89%E0%B8%AD%E0%B8%87%E0%B9%80%E0%B8%9E%E0%B8%A5%E0%B8%87%E0%B8%9B%E0%B9%8A%E0%B8%AD%E0%B8%9B%20%E0%B9%80%E0%B8%82%E0%B8%95%E0%B8%9A%E0%B8%B2%E0%B8%87%E0%B8%81%E0%B8%B0%E0%B8%9B%E0%B8%B4%20%E0%B8%81%E0%B8%A3%E0%B8%B8%E0%B8%87%E0%B9%80%E0%B8%97%E0%B8%9E%E0%B8%A1%E0%B8%AB%E0%B8%B2%E0%B8%99%E0%B8%84%E0%B8%A3","https://www.google.com/maps/search/?api=1&query=%E0%B9%80%E0%B8%A3%E0%B8%B5%E0%B8%A2%E0%B8%99%E0%B8%94%E0%B8%99%E0%B8%95%E0%B8%A3%E0%B8%B5%E0%B8%A3%E0%B9%87%E0%B8%AD%E0%B8%81%20%E0%B9%80%E0%B8%82%E0%B8%95%E0%B8%9A%E0%B8%B2%E0%B8%87%E0%B8%81%E0%B8%B0%E0%B8%9B%E0%B8%B4%20%E0%B8%81%E0%B8%A3%E0%B8%B8%E0%B8%87%E0%B9%80%E0%B8%97%E0%B8%9E%E0%B8%A1%E0%B8%AB%E0%B8%B2%E0%B8%99%E0%B8%84%E0%B8%A3","https://www.google.com/maps/search/?api=1&query=%E0%B9%80%E0%B8%A3%E0%B8%B5%E0%B8%A2%E0%B8%99%E0%B8%94%E0%B8%99%E0%B8%95%E0%B8%A3%E0%B8%B5%E0%B9%81%E0%B8%88%E0%B9%8A%E0%B8%AA%20%E0%B9%80%E0%B8%82%E0%B8%95%E0%B8%9A%E0%B8%B2%E0%B8%87%E0%B8%81%E0%B8%B0%E0%B8%9B%E0%B8%B4%20%E0%B8%81%E0%B8%A3%E0%B8%B8%E0%B8%87%E0%B9%80%E0%B8%97%E0%B8%9E%E0%B8%A1%E0%B8%AB%E0%B8%B2%E0%B8%99%E0%B8%84%E0%B8%A3","not_scanned","not_started","not_started","",""
"กรุงเทพตะวันออก","สะพานสูง","https://www.google.com/maps/search/?api=1&query=%E0%B9%82%E0%B8%A3%E0%B8%87%E0%B9%80%E0%B8%A3%E0%B8%B5%E0%B8%A2%E0%B8%99%E0%B8%94%E0%B8%99%E0%B8%95%E0%B8%A3%E0%B8%B5%20%E0%B9%80%E0%B8%82%E0%B8%95%E0%B8%AA%E0%B8%B0%E0%B8%9E%E0%B8%B2%E0%B8%99%E0%B8%AA%E0%B8%B9%E0%B8%87%20%E0%B8%81%E0%B8%A3%E0%B8%B8%E0%B8%87%E0%B9%80%E0%B8%97%E0%B8%9E%E0%B8%A1%E0%B8%AB%E0%B8%B2%E0%B8%99%E0%B8%84%E0%B8%A3","https://www.google.com/maps/search/?api=1&query=%E0%B9%80%E0%B8%A3%E0%B8%B5%E0%B8%A2%E0%B8%99%E0%B8%94%E0%B8%99%E0%B8%95%E0%B8%A3%E0%B8%B5%E0%B9%84%E0%B8%97%E0%B8%A2%20%E0%B9%80%E0%B8%82%E0%B8%95%E0%B8%AA%E0%B8%B0%E0%B8%9E%E0%B8%B2%E0%B8%99%E0%B8%AA%E0%B8%B9%E0%B8%87%20%E0%B8%81%E0%B8%A3%E0%B8%B8%E0%B8%87%E0%B9%80%E0%B8%97%E0%B8%9E%E0%B8%A1%E0%B8%AB%E0%B8%B2%E0%B8%99%E0%B8%84%E0%B8%A3","https://www.google.com/maps/search/?api=1&query=%E0%B9%80%E0%B8%A3%E0%B8%B5%E0%B8%A2%E0%B8%99%E0%B8%94%E0%B8%99%E0%B8%95%E0%B8%A3%E0%B8%B5%E0%B8%84%E0%B8%A5%E0%B8%B2%E0%B8%AA%E0%B8%AA%E0%B8%B4%E0%B8%81%20%E0%B9%80%E0%B8%82%E0%B8%95%E0%B8%AA%E0%B8%B0%E0%B8%9E%E0%B8%B2%E0%B8%99%E0%B8%AA%E0%B8%B9%E0%B8%87%20%E0%B8%81%E0%B8%A3%E0%B8%B8%E0%B8%87%E0%B9%80%E0%B8%97%E0%B8%9E%E0%B8%A1%E0%B8%AB%E0%B8%B2%E0%B8%99%E0%B8%84%E0%B8%A3","https://www.google.com/maps/search/?api=1&query=%E0%B9%80%E0%B8%A3%E0%B8%B5%E0%B8%A2%E0%B8%99%E0%B8%A3%E0%B9%89%E0%B8%AD%E0%B8%87%E0%B9%80%E0%B8%9E%E0%B8%A5%E0%B8%87%E0%B8%9B%E0%B9%8A%E0%B8%AD%E0%B8%9B%20%E0%B9%80%E0%B8%82%E0%B8%95%E0%B8%AA%E0%B8%B0%E0%B8%9E%E0%B8%B2%E0%B8%99%E0%B8%AA%E0%B8%B9%E0%B8%87%20%E0%B8%81%E0%B8%A3%E0%B8%B8%E0%B8%87%E0%B9%80%E0%B8%97%E0%B8%9E%E0%B8%A1%E0%B8%AB%E0%B8%B2%E0%B8%99%E0%B8%84%E0%B8%A3","https://www.google.com/maps/search/?api=1&query=%E0%B9%80%E0%B8%A3%E0%B8%B5%E0%B8%A2%E0%B8%99%E0%B8%94%E0%B8%99%E0%B8%95%E0%B8%A3%E0%B8%B5%E0%B8%A3%E0%B9%87%E0%B8%AD%E0%B8%81%20%E0%B9%80%E0%B8%82%E0%B8%95%E0%B8%AA%E0%B8%B0%E0%B8%9E%E0%B8%B2%E0%B8%99%E0%B8%AA%E0%B8%B9%E0%B8%87%20%E0%B8%81%E0%B8%A3%E0%B8%B8%E0%B8%87%E0%B9%80%E0%B8%97%E0%B8%9E%E0%B8%A1%E0%B8%AB%E0%B8%B2%E0%B8%99%E0%B8%84%E0%B8%A3","https://www.google.com/maps/search/?api=1&query=%E0%B9%80%E0%B8%A3%E0%B8%B5%E0%B8%A2%E0%B8%99%E0%B8%94%E0%B8%99%E0%B8%95%E0%B8%A3%E0%B8%B5%E0%B9%81%E0%B8%88%E0%B9%8A%E0%B8%AA%20%E0%B9%80%E0%B8%82%E0%B8%95%E0%B8%AA%E0%B8%B0%E0%B8%9E%E0%B8%B2%E0%B8%99%E0%B8%AA%E0%B8%B9%E0%B8%87%20%E0%B8%81%E0%B8%A3%E0%B8%B8%E0%B8%87%E0%B9%80%E0%B8%97%E0%B8%9E%E0%B8%A1%E0%B8%AB%E0%B8%B2%E0%B8%99%E0%B8%84%E0%B8%A3","not_scanned","not_started","not_started","",""
"กรุงเทพตะวันออก","บึงกุ่ม","https://www.google.com/maps/search/?api=1&query=%E0%B9%82%E0%B8%A3%E0%B8%87%E0%B9%80%E0%B8%A3%E0%B8%B5%E0%B8%A2%E0%B8%99%E0%B8%94%E0%B8%99%E0%B8%95%E0%B8%A3%E0%B8%B5%20%E0%B9%80%E0%B8%82%E0%B8%95%E0%B8%9A%E0%B8%B6%E0%B8%87%E0%B8%81%E0%B8%B8%E0%B9%88%E0%B8%A1%20%E0%B8%81%E0%B8%A3%E0%B8%B8%E0%B8%87%E0%B9%80%E0%B8%97%E0%B8%9E%E0%B8%A1%E0%B8%AB%E0%B8%B2%E0%B8%99%E0%B8%84%E0%B8%A3","https://www.google.com/maps/search/?api=1&query=%E0%B9%80%E0%B8%A3%E0%B8%B5%E0%B8%A2%E0%B8%99%E0%B8%94%E0%B8%99%E0%B8%95%E0%B8%A3%E0%B8%B5%E0%B9%84%E0%B8%97%E0%B8%A2%20%E0%B9%80%E0%B8%82%E0%B8%95%E0%B8%9A%E0%B8%B6%E0%B8%87%E0%B8%81%E0%B8%B8%E0%B9%88%E0%B8%A1%20%E0%B8%81%E0%B8%A3%E0%B8%B8%E0%B8%87%E0%B9%80%E0%B8%97%E0%B8%9E%E0%B8%A1%E0%B8%AB%E0%B8%B2%E0%B8%99%E0%B8%84%E0%B8%A3","https://www.google.com/maps/search/?api=1&query=%E0%B9%80%E0%B8%A3%E0%B8%B5%E0%B8%A2%E0%B8%99%E0%B8%94%E0%B8%99%E0%B8%95%E0%B8%A3%E0%B8%B5%E0%B8%84%E0%B8%A5%E0%B8%B2%E0%B8%AA%E0%B8%AA%E0%B8%B4%E0%B8%81%20%E0%B9%80%E0%B8%82%E0%B8%95%E0%B8%9A%E0%B8%B6%E0%B8%87%E0%B8%81%E0%B8%B8%E0%B9%88%E0%B8%A1%20%E0%B8%81%E0%B8%A3%E0%B8%B8%E0%B8%87%E0%B9%80%E0%B8%97%E0%B8%9E%E0%B8%A1%E0%B8%AB%E0%B8%B2%E0%B8%99%E0%B8%84%E0%B8%A3","https://www.google.com/maps/search/?api=1&query=%E0%B9%80%E0%B8%A3%E0%B8%B5%E0%B8%A2%E0%B8%99%E0%B8%A3%E0%B9%89%E0%B8%AD%E0%B8%87%E0%B9%80%E0%B8%9E%E0%B8%A5%E0%B8%87%E0%B8%9B%E0%B9%8A%E0%B8%AD%E0%B8%9B%20%E0%B9%80%E0%B8%82%E0%B8%95%E0%B8%9A%E0%B8%B6%E0%B8%87%E0%B8%81%E0%B8%B8%E0%B9%88%E0%B8%A1%20%E0%B8%81%E0%B8%A3%E0%B8%B8%E0%B8%87%E0%B9%80%E0%B8%97%E0%B8%9E%E0%B8%A1%E0%B8%AB%E0%B8%B2%E0%B8%99%E0%B8%84%E0%B8%A3","https://www.google.com/maps/search/?api=1&query=%E0%B9%80%E0%B8%A3%E0%B8%B5%E0%B8%A2%E0%B8%99%E0%B8%94%E0%B8%99%E0%B8%95%E0%B8%A3%E0%B8%B5%E0%B8%A3%E0%B9%87%E0%B8%AD%E0%B8%81%20%E0%B9%80%E0%B8%82%E0%B8%95%E0%B8%9A%E0%B8%B6%E0%B8%87%E0%B8%81%E0%B8%B8%E0%B9%88%E0%B8%A1%20%E0%B8%81%E0%B8%A3%E0%B8%B8%E0%B8%87%E0%B9%80%E0%B8%97%E0%B8%9E%E0%B8%A1%E0%B8%AB%E0%B8%B2%E0%B8%99%E0%B8%84%E0%B8%A3","https://www.google.com/maps/search/?api=1&query=%E0%B9%80%E0%B8%A3%E0%B8%B5%E0%B8%A2%E0%B8%99%E0%B8%94%E0%B8%99%E0%B8%95%E0%B8%A3%E0%B8%B5%E0%B9%81%E0%B8%88%E0%B9%8A%E0%B8%AA%20%E0%B9%80%E0%B8%82%E0%B8%95%E0%B8%9A%E0%B8%B6%E0%B8%87%E0%B8%81%E0%B8%B8%E0%B9%88%E0%B8%A1%20%E0%B8%81%E0%B8%A3%E0%B8%B8%E0%B8%87%E0%B9%80%E0%B8%97%E0%B8%9E%E0%B8%A1%E0%B8%AB%E0%B8%B2%E0%B8%99%E0%B8%84%E0%B8%A3","not_scanned","not_started","not_started","",""
"กรุงเทพตะวันออก","คันนายาว","https://www.google.com/maps/search/?api=1&query=%E0%B9%82%E0%B8%A3%E0%B8%87%E0%B9%80%E0%B8%A3%E0%B8%B5%E0%B8%A2%E0%B8%99%E0%B8%94%E0%B8%99%E0%B8%95%E0%B8%A3%E0%B8%B5%20%E0%B9%80%E0%B8%82%E0%B8%95%E0%B8%84%E0%B8%B1%E0%B8%99%E0%B8%99%E0%B8%B2%E0%B8%A2%E0%B8%B2%E0%B8%A7%20%E0%B8%81%E0%B8%A3%E0%B8%B8%E0%B8%87%E0%B9%80%E0%B8%97%E0%B8%9E%E0%B8%A1%E0%B8%AB%E0%B8%B2%E0%B8%99%E0%B8%84%E0%B8%A3","https://www.google.com/maps/search/?api=1&query=%E0%B9%80%E0%B8%A3%E0%B8%B5%E0%B8%A2%E0%B8%99%E0%B8%94%E0%B8%99%E0%B8%95%E0%B8%A3%E0%B8%B5%E0%B9%84%E0%B8%97%E0%B8%A2%20%E0%B9%80%E0%B8%82%E0%B8%95%E0%B8%84%E0%B8%B1%E0%B8%99%E0%B8%99%E0%B8%B2%E0%B8%A2%E0%B8%B2%E0%B8%A7%20%E0%B8%81%E0%B8%A3%E0%B8%B8%E0%B8%87%E0%B9%80%E0%B8%97%E0%B8%9E%E0%B8%A1%E0%B8%AB%E0%B8%B2%E0%B8%99%E0%B8%84%E0%B8%A3","https://www.google.com/maps/search/?api=1&query=%E0%B9%80%E0%B8%A3%E0%B8%B5%E0%B8%A2%E0%B8%99%E0%B8%94%E0%B8%99%E0%B8%95%E0%B8%A3%E0%B8%B5%E0%B8%84%E0%B8%A5%E0%B8%B2%E0%B8%AA%E0%B8%AA%E0%B8%B4%E0%B8%81%20%E0%B9%80%E0%B8%82%E0%B8%95%E0%B8%84%E0%B8%B1%E0%B8%99%E0%B8%99%E0%B8%B2%E0%B8%A2%E0%B8%B2%E0%B8%A7%20%E0%B8%81%E0%B8%A3%E0%B8%B8%E0%B8%87%E0%B9%80%E0%B8%97%E0%B8%9E%E0%B8%A1%E0%B8%AB%E0%B8%B2%E0%B8%99%E0%B8%84%E0%B8%A3","https://www.google.com/maps/search/?api=1&query=%E0%B9%80%E0%B8%A3%E0%B8%B5%E0%B8%A2%E0%B8%99%E0%B8%A3%E0%B9%89%E0%B8%AD%E0%B8%87%E0%B9%80%E0%B8%9E%E0%B8%A5%E0%B8%87%E0%B8%9B%E0%B9%8A%E0%B8%AD%E0%B8%9B%20%E0%B9%80%E0%B8%82%E0%B8%95%E0%B8%84%E0%B8%B1%E0%B8%99%E0%B8%99%E0%B8%B2%E0%B8%A2%E0%B8%B2%E0%B8%A7%20%E0%B8%81%E0%B8%A3%E0%B8%B8%E0%B8%87%E0%B9%80%E0%B8%97%E0%B8%9E%E0%B8%A1%E0%B8%AB%E0%B8%B2%E0%B8%99%E0%B8%84%E0%B8%A3","https://www.google.com/maps/search/?api=1&query=%E0%B9%80%E0%B8%A3%E0%B8%B5%E0%B8%A2%E0%B8%99%E0%B8%94%E0%B8%99%E0%B8%95%E0%B8%A3%E0%B8%B5%E0%B8%A3%E0%B9%87%E0%B8%AD%E0%B8%81%20%E0%B9%80%E0%B8%82%E0%B8%95%E0%B8%84%E0%B8%B1%E0%B8%99%E0%B8%99%E0%B8%B2%E0%B8%A2%E0%B8%B2%E0%B8%A7%20%E0%B8%81%E0%B8%A3%E0%B8%B8%E0%B8%87%E0%B9%80%E0%B8%97%E0%B8%9E%E0%B8%A1%E0%B8%AB%E0%B8%B2%E0%B8%99%E0%B8%84%E0%B8%A3","https://www.google.com/maps/search/?api=1&query=%E0%B9%80%E0%B8%A3%E0%B8%B5%E0%B8%A2%E0%B8%99%E0%B8%94%E0%B8%99%E0%B8%95%E0%B8%A3%E0%B8%B5%E0%B9%81%E0%B8%88%E0%B9%8A%E0%B8%AA%20%E0%B9%80%E0%B8%82%E0%B8%95%E0%B8%84%E0%B8%B1%E0%B8%99%E0%B8%99%E0%B8%B2%E0%B8%A2%E0%B8%B2%E0%B8%A7%20%E0%B8%81%E0%B8%A3%E0%B8%B8%E0%B8%87%E0%B9%80%E0%B8%97%E0%B8%9E%E0%B8%A1%E0%B8%AB%E0%B8%B2%E0%B8%99%E0%B8%84%E0%B8%A3","not_scanned","not_started","not_started","",""
"กรุงเทพตะวันออก","ลาดกระบัง","https://www.google.com/maps/search/?api=1&query=%E0%B9%82%E0%B8%A3%E0%B8%87%E0%B9%80%E0%B8%A3%E0%B8%B5%E0%B8%A2%E0%B8%99%E0%B8%94%E0%B8%99%E0%B8%95%E0%B8%A3%E0%B8%B5%20%E0%B9%80%E0%B8%82%E0%B8%95%E0%B8%A5%E0%B8%B2%E0%B8%94%E0%B8%81%E0%B8%A3%E0%B8%B0%E0%B8%9A%E0%B8%B1%E0%B8%87%20%E0%B8%81%E0%B8%A3%E0%B8%B8%E0%B8%87%E0%B9%80%E0%B8%97%E0%B8%9E%E0%B8%A1%E0%B8%AB%E0%B8%B2%E0%B8%99%E0%B8%84%E0%B8%A3","https://www.google.com/maps/search/?api=1&query=%E0%B9%80%E0%B8%A3%E0%B8%B5%E0%B8%A2%E0%B8%99%E0%B8%94%E0%B8%99%E0%B8%95%E0%B8%A3%E0%B8%B5%E0%B9%84%E0%B8%97%E0%B8%A2%20%E0%B9%80%E0%B8%82%E0%B8%95%E0%B8%A5%E0%B8%B2%E0%B8%94%E0%B8%81%E0%B8%A3%E0%B8%B0%E0%B8%9A%E0%B8%B1%E0%B8%87%20%E0%B8%81%E0%B8%A3%E0%B8%B8%E0%B8%87%E0%B9%80%E0%B8%97%E0%B8%9E%E0%B8%A1%E0%B8%AB%E0%B8%B2%E0%B8%99%E0%B8%84%E0%B8%A3","https://www.google.com/maps/search/?api=1&query=%E0%B9%80%E0%B8%A3%E0%B8%B5%E0%B8%A2%E0%B8%99%E0%B8%94%E0%B8%99%E0%B8%95%E0%B8%A3%E0%B8%B5%E0%B8%84%E0%B8%A5%E0%B8%B2%E0%B8%AA%E0%B8%AA%E0%B8%B4%E0%B8%81%20%E0%B9%80%E0%B8%82%E0%B8%95%E0%B8%A5%E0%B8%B2%E0%B8%94%E0%B8%81%E0%B8%A3%E0%B8%B0%E0%B8%9A%E0%B8%B1%E0%B8%87%20%E0%B8%81%E0%B8%A3%E0%B8%B8%E0%B8%87%E0%B9%80%E0%B8%97%E0%B8%9E%E0%B8%A1%E0%B8%AB%E0%B8%B2%E0%B8%99%E0%B8%84%E0%B8%A3","https://www.google.com/maps/search/?api=1&query=%E0%B9%80%E0%B8%A3%E0%B8%B5%E0%B8%A2%E0%B8%99%E0%B8%A3%E0%B9%89%E0%B8%AD%E0%B8%87%E0%B9%80%E0%B8%9E%E0%B8%A5%E0%B8%87%E0%B8%9B%E0%B9%8A%E0%B8%AD%E0%B8%9B%20%E0%B9%80%E0%B8%82%E0%B8%95%E0%B8%A5%E0%B8%B2%E0%B8%94%E0%B8%81%E0%B8%A3%E0%B8%B0%E0%B8%9A%E0%B8%B1%E0%B8%87%20%E0%B8%81%E0%B8%A3%E0%B8%B8%E0%B8%87%E0%B9%80%E0%B8%97%E0%B8%9E%E0%B8%A1%E0%B8%AB%E0%B8%B2%E0%B8%99%E0%B8%84%E0%B8%A3","https://www.google.com/maps/search/?api=1&query=%E0%B9%80%E0%B8%A3%E0%B8%B5%E0%B8%A2%E0%B8%99%E0%B8%94%E0%B8%99%E0%B8%95%E0%B8%A3%E0%B8%B5%E0%B8%A3%E0%B9%87%E0%B8%AD%E0%B8%81%20%E0%B9%80%E0%B8%82%E0%B8%95%E0%B8%A5%E0%B8%B2%E0%B8%94%E0%B8%81%E0%B8%A3%E0%B8%B0%E0%B8%9A%E0%B8%B1%E0%B8%87%20%E0%B8%81%E0%B8%A3%E0%B8%B8%E0%B8%87%E0%B9%80%E0%B8%97%E0%B8%9E%E0%B8%A1%E0%B8%AB%E0%B8%B2%E0%B8%99%E0%B8%84%E0%B8%A3","https://www.google.com/maps/search/?api=1&query=%E0%B9%80%E0%B8%A3%E0%B8%B5%E0%B8%A2%E0%B8%99%E0%B8%94%E0%B8%99%E0%B8%95%E0%B8%A3%E0%B8%B5%E0%B9%81%E0%B8%88%E0%B9%8A%E0%B8%AA%20%E0%B9%80%E0%B8%82%E0%B8%95%E0%B8%A5%E0%B8%B2%E0%B8%94%E0%B8%81%E0%B8%A3%E0%B8%B0%E0%B8%9A%E0%B8%B1%E0%B8%87%20%E0%B8%81%E0%B8%A3%E0%B8%B8%E0%B8%87%E0%B9%80%E0%B8%97%E0%B8%9E%E0%B8%A1%E0%B8%AB%E0%B8%B2%E0%B8%99%E0%B8%84%E0%B8%A3","not_scanned","not_started","not_started","",""
"กรุงเทพตะวันออก","มีนบุรี","https://www.google.com/maps/search/?api=1&query=%E0%B9%82%E0%B8%A3%E0%B8%87%E0%B9%80%E0%B8%A3%E0%B8%B5%E0%B8%A2%E0%B8%99%E0%B8%94%E0%B8%99%E0%B8%95%E0%B8%A3%E0%B8%B5%20%E0%B9%80%E0%B8%82%E0%B8%95%E0%B8%A1%E0%B8%B5%E0%B8%99%E0%B8%9A%E0%B8%B8%E0%B8%A3%E0%B8%B5%20%E0%B8%81%E0%B8%A3%E0%B8%B8%E0%B8%87%E0%B9%80%E0%B8%97%E0%B8%9E%E0%B8%A1%E0%B8%AB%E0%B8%B2%E0%B8%99%E0%B8%84%E0%B8%A3","https://www.google.com/maps/search/?api=1&query=%E0%B9%80%E0%B8%A3%E0%B8%B5%E0%B8%A2%E0%B8%99%E0%B8%94%E0%B8%99%E0%B8%95%E0%B8%A3%E0%B8%B5%E0%B9%84%E0%B8%97%E0%B8%A2%20%E0%B9%80%E0%B8%82%E0%B8%95%E0%B8%A1%E0%B8%B5%E0%B8%99%E0%B8%9A%E0%B8%B8%E0%B8%A3%E0%B8%B5%20%E0%B8%81%E0%B8%A3%E0%B8%B8%E0%B8%87%E0%B9%80%E0%B8%97%E0%B8%9E%E0%B8%A1%E0%B8%AB%E0%B8%B2%E0%B8%99%E0%B8%84%E0%B8%A3","https://www.google.com/maps/search/?api=1&query=%E0%B9%80%E0%B8%A3%E0%B8%B5%E0%B8%A2%E0%B8%99%E0%B8%94%E0%B8%99%E0%B8%95%E0%B8%A3%E0%B8%B5%E0%B8%84%E0%B8%A5%E0%B8%B2%E0%B8%AA%E0%B8%AA%E0%B8%B4%E0%B8%81%20%E0%B9%80%E0%B8%82%E0%B8%95%E0%B8%A1%E0%B8%B5%E0%B8%99%E0%B8%9A%E0%B8%B8%E0%B8%A3%E0%B8%B5%20%E0%B8%81%E0%B8%A3%E0%B8%B8%E0%B8%87%E0%B9%80%E0%B8%97%E0%B8%9E%E0%B8%A1%E0%B8%AB%E0%B8%B2%E0%B8%99%E0%B8%84%E0%B8%A3","https://www.google.com/maps/search/?api=1&query=%E0%B9%80%E0%B8%A3%E0%B8%B5%E0%B8%A2%E0%B8%99%E0%B8%A3%E0%B9%89%E0%B8%AD%E0%B8%87%E0%B9%80%E0%B8%9E%E0%B8%A5%E0%B8%87%E0%B8%9B%E0%B9%8A%E0%B8%AD%E0%B8%9B%20%E0%B9%80%E0%B8%82%E0%B8%95%E0%B8%A1%E0%B8%B5%E0%B8%99%E0%B8%9A%E0%B8%B8%E0%B8%A3%E0%B8%B5%20%E0%B8%81%E0%B8%A3%E0%B8%B8%E0%B8%87%E0%B9%80%E0%B8%97%E0%B8%9E%E0%B8%A1%E0%B8%AB%E0%B8%B2%E0%B8%99%E0%B8%84%E0%B8%A3","https://www.google.com/maps/search/?api=1&query=%E0%B9%80%E0%B8%A3%E0%B8%B5%E0%B8%A2%E0%B8%99%E0%B8%94%E0%B8%99%E0%B8%95%E0%B8%A3%E0%B8%B5%E0%B8%A3%E0%B9%87%E0%B8%AD%E0%B8%81%20%E0%B9%80%E0%B8%82%E0%B8%95%E0%B8%A1%E0%B8%B5%E0%B8%99%E0%B8%9A%E0%B8%B8%E0%B8%A3%E0%B8%B5%20%E0%B8%81%E0%B8%A3%E0%B8%B8%E0%B8%87%E0%B9%80%E0%B8%97%E0%B8%9E%E0%B8%A1%E0%B8%AB%E0%B8%B2%E0%B8%99%E0%B8%84%E0%B8%A3","https://www.google.com/maps/search/?api=1&query=%E0%B9%80%E0%B8%A3%E0%B8%B5%E0%B8%A2%E0%B8%99%E0%B8%94%E0%B8%99%E0%B8%95%E0%B8%A3%E0%B8%B5%E0%B9%81%E0%B8%88%E0%B9%8A%E0%B8%AA%20%E0%B9%80%E0%B8%82%E0%B8%95%E0%B8%A1%E0%B8%B5%E0%B8%99%E0%B8%9A%E0%B8%B8%E0%B8%A3%E0%B8%B5%20%E0%B8%81%E0%B8%A3%E0%B8%B8%E0%B8%87%E0%B9%80%E0%B8%97%E0%B8%9E%E0%B8%A1%E0%B8%AB%E0%B8%B2%E0%B8%99%E0%B8%84%E0%B8%A3","not_scanned","not_started","not_started","",""
"กรุงเทพตะวันออก","หนองจอก","https://www.google.com/maps/search/?api=1&query=%E0%B9%82%E0%B8%A3%E0%B8%87%E0%B9%80%E0%B8%A3%E0%B8%B5%E0%B8%A2%E0%B8%99%E0%B8%94%E0%B8%99%E0%B8%95%E0%B8%A3%E0%B8%B5%20%E0%B9%80%E0%B8%82%E0%B8%95%E0%B8%AB%E0%B8%99%E0%B8%AD%E0%B8%87%E0%B8%88%E0%B8%AD%E0%B8%81%20%E0%B8%81%E0%B8%A3%E0%B8%B8%E0%B8%87%E0%B9%80%E0%B8%97%E0%B8%9E%E0%B8%A1%E0%B8%AB%E0%B8%B2%E0%B8%99%E0%B8%84%E0%B8%A3","https://www.google.com/maps/search/?api=1&query=%E0%B9%80%E0%B8%A3%E0%B8%B5%E0%B8%A2%E0%B8%99%E0%B8%94%E0%B8%99%E0%B8%95%E0%B8%A3%E0%B8%B5%E0%B9%84%E0%B8%97%E0%B8%A2%20%E0%B9%80%E0%B8%82%E0%B8%95%E0%B8%AB%E0%B8%99%E0%B8%AD%E0%B8%87%E0%B8%88%E0%B8%AD%E0%B8%81%20%E0%B8%81%E0%B8%A3%E0%B8%B8%E0%B8%87%E0%B9%80%E0%B8%97%E0%B8%9E%E0%B8%A1%E0%B8%AB%E0%B8%B2%E0%B8%99%E0%B8%84%E0%B8%A3","https://www.google.com/maps/search/?api=1&query=%E0%B9%80%E0%B8%A3%E0%B8%B5%E0%B8%A2%E0%B8%99%E0%B8%94%E0%B8%99%E0%B8%95%E0%B8%A3%E0%B8%B5%E0%B8%84%E0%B8%A5%E0%B8%B2%E0%B8%AA%E0%B8%AA%E0%B8%B4%E0%B8%81%20%E0%B9%80%E0%B8%82%E0%B8%95%E0%B8%AB%E0%B8%99%E0%B8%AD%E0%B8%87%E0%B8%88%E0%B8%AD%E0%B8%81%20%E0%B8%81%E0%B8%A3%E0%B8%B8%E0%B8%87%E0%B9%80%E0%B8%97%E0%B8%9E%E0%B8%A1%E0%B8%AB%E0%B8%B2%E0%B8%99%E0%B8%84%E0%B8%A3","https://www.google.com/maps/search/?api=1&query=%E0%B9%80%E0%B8%A3%E0%B8%B5%E0%B8%A2%E0%B8%99%E0%B8%A3%E0%B9%89%E0%B8%AD%E0%B8%87%E0%B9%80%E0%B8%9E%E0%B8%A5%E0%B8%87%E0%B8%9B%E0%B9%8A%E0%B8%AD%E0%B8%9B%20%E0%B9%80%E0%B8%82%E0%B8%95%E0%B8%AB%E0%B8%99%E0%B8%AD%E0%B8%87%E0%B8%88%E0%B8%AD%E0%B8%81%20%E0%B8%81%E0%B8%A3%E0%B8%B8%E0%B8%87%E0%B9%80%E0%B8%97%E0%B8%9E%E0%B8%A1%E0%B8%AB%E0%B8%B2%E0%B8%99%E0%B8%84%E0%B8%A3","https://www.google.com/maps/search/?api=1&query=%E0%B9%80%E0%B8%A3%E0%B8%B5%E0%B8%A2%E0%B8%99%E0%B8%94%E0%B8%99%E0%B8%95%E0%B8%A3%E0%B8%B5%E0%B8%A3%E0%B9%87%E0%B8%AD%E0%B8%81%20%E0%B9%80%E0%B8%82%E0%B8%95%E0%B8%AB%E0%B8%99%E0%B8%AD%E0%B8%87%E0%B8%88%E0%B8%AD%E0%B8%81%20%E0%B8%81%E0%B8%A3%E0%B8%B8%E0%B8%87%E0%B9%80%E0%B8%97%E0%B8%9E%E0%B8%A1%E0%B8%AB%E0%B8%B2%E0%B8%99%E0%B8%84%E0%B8%A3","https://www.google.com/maps/search/?api=1&query=%E0%B9%80%E0%B8%A3%E0%B8%B5%E0%B8%A2%E0%B8%99%E0%B8%94%E0%B8%99%E0%B8%95%E0%B8%A3%E0%B8%B5%E0%B9%81%E0%B8%88%E0%B9%8A%E0%B8%AA%20%E0%B9%80%E0%B8%82%E0%B8%95%E0%B8%AB%E0%B8%99%E0%B8%AD%E0%B8%87%E0%B8%88%E0%B8%AD%E0%B8%81%20%E0%B8%81%E0%B8%A3%E0%B8%B8%E0%B8%87%E0%B9%80%E0%B8%97%E0%B8%9E%E0%B8%A1%E0%B8%AB%E0%B8%B2%E0%B8%99%E0%B8%84%E0%B8%A3","not_scanned","not_started","not_started","",""
"กรุงเทพตะวันออก","คลองสามวา","https://www.google.com/maps/search/?api=1&query=%E0%B9%82%E0%B8%A3%E0%B8%87%E0%B9%80%E0%B8%A3%E0%B8%B5%E0%B8%A2%E0%B8%99%E0%B8%94%E0%B8%99%E0%B8%95%E0%B8%A3%E0%B8%B5%20%E0%B9%80%E0%B8%82%E0%B8%95%E0%B8%84%E0%B8%A5%E0%B8%AD%E0%B8%87%E0%B8%AA%E0%B8%B2%E0%B8%A1%E0%B8%A7%E0%B8%B2%20%E0%B8%81%E0%B8%A3%E0%B8%B8%E0%B8%87%E0%B9%80%E0%B8%97%E0%B8%9E%E0%B8%A1%E0%B8%AB%E0%B8%B2%E0%B8%99%E0%B8%84%E0%B8%A3","https://www.google.com/maps/search/?api=1&query=%E0%B9%80%E0%B8%A3%E0%B8%B5%E0%B8%A2%E0%B8%99%E0%B8%94%E0%B8%99%E0%B8%95%E0%B8%A3%E0%B8%B5%E0%B9%84%E0%B8%97%E0%B8%A2%20%E0%B9%80%E0%B8%82%E0%B8%95%E0%B8%84%E0%B8%A5%E0%B8%AD%E0%B8%87%E0%B8%AA%E0%B8%B2%E0%B8%A1%E0%B8%A7%E0%B8%B2%20%E0%B8%81%E0%B8%A3%E0%B8%B8%E0%B8%87%E0%B9%80%E0%B8%97%E0%B8%9E%E0%B8%A1%E0%B8%AB%E0%B8%B2%E0%B8%99%E0%B8%84%E0%B8%A3","https://www.google.com/maps/search/?api=1&query=%E0%B9%80%E0%B8%A3%E0%B8%B5%E0%B8%A2%E0%B8%99%E0%B8%94%E0%B8%99%E0%B8%95%E0%B8%A3%E0%B8%B5%E0%B8%84%E0%B8%A5%E0%B8%B2%E0%B8%AA%E0%B8%AA%E0%B8%B4%E0%B8%81%20%E0%B9%80%E0%B8%82%E0%B8%95%E0%B8%84%E0%B8%A5%E0%B8%AD%E0%B8%87%E0%B8%AA%E0%B8%B2%E0%B8%A1%E0%B8%A7%E0%B8%B2%20%E0%B8%81%E0%B8%A3%E0%B8%B8%E0%B8%87%E0%B9%80%E0%B8%97%E0%B8%9E%E0%B8%A1%E0%B8%AB%E0%B8%B2%E0%B8%99%E0%B8%84%E0%B8%A3","https://www.google.com/maps/search/?api=1&query=%E0%B9%80%E0%B8%A3%E0%B8%B5%E0%B8%A2%E0%B8%99%E0%B8%A3%E0%B9%89%E0%B8%AD%E0%B8%87%E0%B9%80%E0%B8%9E%E0%B8%A5%E0%B8%87%E0%B8%9B%E0%B9%8A%E0%B8%AD%E0%B8%9B%20%E0%B9%80%E0%B8%82%E0%B8%95%E0%B8%84%E0%B8%A5%E0%B8%AD%E0%B8%87%E0%B8%AA%E0%B8%B2%E0%B8%A1%E0%B8%A7%E0%B8%B2%20%E0%B8%81%E0%B8%A3%E0%B8%B8%E0%B8%87%E0%B9%80%E0%B8%97%E0%B8%9E%E0%B8%A1%E0%B8%AB%E0%B8%B2%E0%B8%99%E0%B8%84%E0%B8%A3","https://www.google.com/maps/search/?api=1&query=%E0%B9%80%E0%B8%A3%E0%B8%B5%E0%B8%A2%E0%B8%99%E0%B8%94%E0%B8%99%E0%B8%95%E0%B8%A3%E0%B8%B5%E0%B8%A3%E0%B9%87%E0%B8%AD%E0%B8%81%20%E0%B9%80%E0%B8%82%E0%B8%95%E0%B8%84%E0%B8%A5%E0%B8%AD%E0%B8%87%E0%B8%AA%E0%B8%B2%E0%B8%A1%E0%B8%A7%E0%B8%B2%20%E0%B8%81%E0%B8%A3%E0%B8%B8%E0%B8%87%E0%B9%80%E0%B8%97%E0%B8%9E%E0%B8%A1%E0%B8%AB%E0%B8%B2%E0%B8%99%E0%B8%84%E0%B8%A3","https://www.google.com/maps/search/?api=1&query=%E0%B9%80%E0%B8%A3%E0%B8%B5%E0%B8%A2%E0%B8%99%E0%B8%94%E0%B8%99%E0%B8%95%E0%B8%A3%E0%B8%B5%E0%B9%81%E0%B8%88%E0%B9%8A%E0%B8%AA%20%E0%B9%80%E0%B8%82%E0%B8%95%E0%B8%84%E0%B8%A5%E0%B8%AD%E0%B8%87%E0%B8%AA%E0%B8%B2%E0%B8%A1%E0%B8%A7%E0%B8%B2%20%E0%B8%81%E0%B8%A3%E0%B8%B8%E0%B8%87%E0%B9%80%E0%B8%97%E0%B8%9E%E0%B8%A1%E0%B8%AB%E0%B8%B2%E0%B8%99%E0%B8%84%E0%B8%A3","not_scanned","not_started","not_started","",""
"กรุงธนเหนือ","ธนบุรี","https://www.google.com/maps/search/?api=1&query=%E0%B9%82%E0%B8%A3%E0%B8%87%E0%B9%80%E0%B8%A3%E0%B8%B5%E0%B8%A2%E0%B8%99%E0%B8%94%E0%B8%99%E0%B8%95%E0%B8%A3%E0%B8%B5%20%E0%B9%80%E0%B8%82%E0%B8%95%E0%B8%98%E0%B8%99%E0%B8%9A%E0%B8%B8%E0%B8%A3%E0%B8%B5%20%E0%B8%81%E0%B8%A3%E0%B8%B8%E0%B8%87%E0%B9%80%E0%B8%97%E0%B8%9E%E0%B8%A1%E0%B8%AB%E0%B8%B2%E0%B8%99%E0%B8%84%E0%B8%A3","https://www.google.com/maps/search/?api=1&query=%E0%B9%80%E0%B8%A3%E0%B8%B5%E0%B8%A2%E0%B8%99%E0%B8%94%E0%B8%99%E0%B8%95%E0%B8%A3%E0%B8%B5%E0%B9%84%E0%B8%97%E0%B8%A2%20%E0%B9%80%E0%B8%82%E0%B8%95%E0%B8%98%E0%B8%99%E0%B8%9A%E0%B8%B8%E0%B8%A3%E0%B8%B5%20%E0%B8%81%E0%B8%A3%E0%B8%B8%E0%B8%87%E0%B9%80%E0%B8%97%E0%B8%9E%E0%B8%A1%E0%B8%AB%E0%B8%B2%E0%B8%99%E0%B8%84%E0%B8%A3","https://www.google.com/maps/search/?api=1&query=%E0%B9%80%E0%B8%A3%E0%B8%B5%E0%B8%A2%E0%B8%99%E0%B8%94%E0%B8%99%E0%B8%95%E0%B8%A3%E0%B8%B5%E0%B8%84%E0%B8%A5%E0%B8%B2%E0%B8%AA%E0%B8%AA%E0%B8%B4%E0%B8%81%20%E0%B9%80%E0%B8%82%E0%B8%95%E0%B8%98%E0%B8%99%E0%B8%9A%E0%B8%B8%E0%B8%A3%E0%B8%B5%20%E0%B8%81%E0%B8%A3%E0%B8%B8%E0%B8%87%E0%B9%80%E0%B8%97%E0%B8%9E%E0%B8%A1%E0%B8%AB%E0%B8%B2%E0%B8%99%E0%B8%84%E0%B8%A3","https://www.google.com/maps/search/?api=1&query=%E0%B9%80%E0%B8%A3%E0%B8%B5%E0%B8%A2%E0%B8%99%E0%B8%A3%E0%B9%89%E0%B8%AD%E0%B8%87%E0%B9%80%E0%B8%9E%E0%B8%A5%E0%B8%87%E0%B8%9B%E0%B9%8A%E0%B8%AD%E0%B8%9B%20%E0%B9%80%E0%B8%82%E0%B8%95%E0%B8%98%E0%B8%99%E0%B8%9A%E0%B8%B8%E0%B8%A3%E0%B8%B5%20%E0%B8%81%E0%B8%A3%E0%B8%B8%E0%B8%87%E0%B9%80%E0%B8%97%E0%B8%9E%E0%B8%A1%E0%B8%AB%E0%B8%B2%E0%B8%99%E0%B8%84%E0%B8%A3","https://www.google.com/maps/search/?api=1&query=%E0%B9%80%E0%B8%A3%E0%B8%B5%E0%B8%A2%E0%B8%99%E0%B8%94%E0%B8%99%E0%B8%95%E0%B8%A3%E0%B8%B5%E0%B8%A3%E0%B9%87%E0%B8%AD%E0%B8%81%20%E0%B9%80%E0%B8%82%E0%B8%95%E0%B8%98%E0%B8%99%E0%B8%9A%E0%B8%B8%E0%B8%A3%E0%B8%B5%20%E0%B8%81%E0%B8%A3%E0%B8%B8%E0%B8%87%E0%B9%80%E0%B8%97%E0%B8%9E%E0%B8%A1%E0%B8%AB%E0%B8%B2%E0%B8%99%E0%B8%84%E0%B8%A3","https://www.google.com/maps/search/?api=1&query=%E0%B9%80%E0%B8%A3%E0%B8%B5%E0%B8%A2%E0%B8%99%E0%B8%94%E0%B8%99%E0%B8%95%E0%B8%A3%E0%B8%B5%E0%B9%81%E0%B8%88%E0%B9%8A%E0%B8%AA%20%E0%B9%80%E0%B8%82%E0%B8%95%E0%B8%98%E0%B8%99%E0%B8%9A%E0%B8%B8%E0%B8%A3%E0%B8%B5%20%E0%B8%81%E0%B8%A3%E0%B8%B8%E0%B8%87%E0%B9%80%E0%B8%97%E0%B8%9E%E0%B8%A1%E0%B8%AB%E0%B8%B2%E0%B8%99%E0%B8%84%E0%B8%A3","not_scanned","not_started","not_started","",""
"กรุงธนเหนือ","คลองสาน","https://www.google.com/maps/search/?api=1&query=%E0%B9%82%E0%B8%A3%E0%B8%87%E0%B9%80%E0%B8%A3%E0%B8%B5%E0%B8%A2%E0%B8%99%E0%B8%94%E0%B8%99%E0%B8%95%E0%B8%A3%E0%B8%B5%20%E0%B9%80%E0%B8%82%E0%B8%95%E0%B8%84%E0%B8%A5%E0%B8%AD%E0%B8%87%E0%B8%AA%E0%B8%B2%E0%B8%99%20%E0%B8%81%E0%B8%A3%E0%B8%B8%E0%B8%87%E0%B9%80%E0%B8%97%E0%B8%9E%E0%B8%A1%E0%B8%AB%E0%B8%B2%E0%B8%99%E0%B8%84%E0%B8%A3","https://www.google.com/maps/search/?api=1&query=%E0%B9%80%E0%B8%A3%E0%B8%B5%E0%B8%A2%E0%B8%99%E0%B8%94%E0%B8%99%E0%B8%95%E0%B8%A3%E0%B8%B5%E0%B9%84%E0%B8%97%E0%B8%A2%20%E0%B9%80%E0%B8%82%E0%B8%95%E0%B8%84%E0%B8%A5%E0%B8%AD%E0%B8%87%E0%B8%AA%E0%B8%B2%E0%B8%99%20%E0%B8%81%E0%B8%A3%E0%B8%B8%E0%B8%87%E0%B9%80%E0%B8%97%E0%B8%9E%E0%B8%A1%E0%B8%AB%E0%B8%B2%E0%B8%99%E0%B8%84%E0%B8%A3","https://www.google.com/maps/search/?api=1&query=%E0%B9%80%E0%B8%A3%E0%B8%B5%E0%B8%A2%E0%B8%99%E0%B8%94%E0%B8%99%E0%B8%95%E0%B8%A3%E0%B8%B5%E0%B8%84%E0%B8%A5%E0%B8%B2%E0%B8%AA%E0%B8%AA%E0%B8%B4%E0%B8%81%20%E0%B9%80%E0%B8%82%E0%B8%95%E0%B8%84%E0%B8%A5%E0%B8%AD%E0%B8%87%E0%B8%AA%E0%B8%B2%E0%B8%99%20%E0%B8%81%E0%B8%A3%E0%B8%B8%E0%B8%87%E0%B9%80%E0%B8%97%E0%B8%9E%E0%B8%A1%E0%B8%AB%E0%B8%B2%E0%B8%99%E0%B8%84%E0%B8%A3","https://www.google.com/maps/search/?api=1&query=%E0%B9%80%E0%B8%A3%E0%B8%B5%E0%B8%A2%E0%B8%99%E0%B8%A3%E0%B9%89%E0%B8%AD%E0%B8%87%E0%B9%80%E0%B8%9E%E0%B8%A5%E0%B8%87%E0%B8%9B%E0%B9%8A%E0%B8%AD%E0%B8%9B%20%E0%B9%80%E0%B8%82%E0%B8%95%E0%B8%84%E0%B8%A5%E0%B8%AD%E0%B8%87%E0%B8%AA%E0%B8%B2%E0%B8%99%20%E0%B8%81%E0%B8%A3%E0%B8%B8%E0%B8%87%E0%B9%80%E0%B8%97%E0%B8%9E%E0%B8%A1%E0%B8%AB%E0%B8%B2%E0%B8%99%E0%B8%84%E0%B8%A3","https://www.google.com/maps/search/?api=1&query=%E0%B9%80%E0%B8%A3%E0%B8%B5%E0%B8%A2%E0%B8%99%E0%B8%94%E0%B8%99%E0%B8%95%E0%B8%A3%E0%B8%B5%E0%B8%A3%E0%B9%87%E0%B8%AD%E0%B8%81%20%E0%B9%80%E0%B8%82%E0%B8%95%E0%B8%84%E0%B8%A5%E0%B8%AD%E0%B8%87%E0%B8%AA%E0%B8%B2%E0%B8%99%20%E0%B8%81%E0%B8%A3%E0%B8%B8%E0%B8%87%E0%B9%80%E0%B8%97%E0%B8%9E%E0%B8%A1%E0%B8%AB%E0%B8%B2%E0%B8%99%E0%B8%84%E0%B8%A3","https://www.google.com/maps/search/?api=1&query=%E0%B9%80%E0%B8%A3%E0%B8%B5%E0%B8%A2%E0%B8%99%E0%B8%94%E0%B8%99%E0%B8%95%E0%B8%A3%E0%B8%B5%E0%B9%81%E0%B8%88%E0%B9%8A%E0%B8%AA%20%E0%B9%80%E0%B8%82%E0%B8%95%E0%B8%84%E0%B8%A5%E0%B8%AD%E0%B8%87%E0%B8%AA%E0%B8%B2%E0%B8%99%20%E0%B8%81%E0%B8%A3%E0%B8%B8%E0%B8%87%E0%B9%80%E0%B8%97%E0%B8%9E%E0%B8%A1%E0%B8%AB%E0%B8%B2%E0%B8%99%E0%B8%84%E0%B8%A3","not_scanned","not_started","not_started","",""
"กรุงธนเหนือ","จอมทอง","https://www.google.com/maps/search/?api=1&query=%E0%B9%82%E0%B8%A3%E0%B8%87%E0%B9%80%E0%B8%A3%E0%B8%B5%E0%B8%A2%E0%B8%99%E0%B8%94%E0%B8%99%E0%B8%95%E0%B8%A3%E0%B8%B5%20%E0%B9%80%E0%B8%82%E0%B8%95%E0%B8%88%E0%B8%AD%E0%B8%A1%E0%B8%97%E0%B8%AD%E0%B8%87%20%E0%B8%81%E0%B8%A3%E0%B8%B8%E0%B8%87%E0%B9%80%E0%B8%97%E0%B8%9E%E0%B8%A1%E0%B8%AB%E0%B8%B2%E0%B8%99%E0%B8%84%E0%B8%A3","https://www.google.com/maps/search/?api=1&query=%E0%B9%80%E0%B8%A3%E0%B8%B5%E0%B8%A2%E0%B8%99%E0%B8%94%E0%B8%99%E0%B8%95%E0%B8%A3%E0%B8%B5%E0%B9%84%E0%B8%97%E0%B8%A2%20%E0%B9%80%E0%B8%82%E0%B8%95%E0%B8%88%E0%B8%AD%E0%B8%A1%E0%B8%97%E0%B8%AD%E0%B8%87%20%E0%B8%81%E0%B8%A3%E0%B8%B8%E0%B8%87%E0%B9%80%E0%B8%97%E0%B8%9E%E0%B8%A1%E0%B8%AB%E0%B8%B2%E0%B8%99%E0%B8%84%E0%B8%A3","https://www.google.com/maps/search/?api=1&query=%E0%B9%80%E0%B8%A3%E0%B8%B5%E0%B8%A2%E0%B8%99%E0%B8%94%E0%B8%99%E0%B8%95%E0%B8%A3%E0%B8%B5%E0%B8%84%E0%B8%A5%E0%B8%B2%E0%B8%AA%E0%B8%AA%E0%B8%B4%E0%B8%81%20%E0%B9%80%E0%B8%82%E0%B8%95%E0%B8%88%E0%B8%AD%E0%B8%A1%E0%B8%97%E0%B8%AD%E0%B8%87%20%E0%B8%81%E0%B8%A3%E0%B8%B8%E0%B8%87%E0%B9%80%E0%B8%97%E0%B8%9E%E0%B8%A1%E0%B8%AB%E0%B8%B2%E0%B8%99%E0%B8%84%E0%B8%A3","https://www.google.com/maps/search/?api=1&query=%E0%B9%80%E0%B8%A3%E0%B8%B5%E0%B8%A2%E0%B8%99%E0%B8%A3%E0%B9%89%E0%B8%AD%E0%B8%87%E0%B9%80%E0%B8%9E%E0%B8%A5%E0%B8%87%E0%B8%9B%E0%B9%8A%E0%B8%AD%E0%B8%9B%20%E0%B9%80%E0%B8%82%E0%B8%95%E0%B8%88%E0%B8%AD%E0%B8%A1%E0%B8%97%E0%B8%AD%E0%B8%87%20%E0%B8%81%E0%B8%A3%E0%B8%B8%E0%B8%87%E0%B9%80%E0%B8%97%E0%B8%9E%E0%B8%A1%E0%B8%AB%E0%B8%B2%E0%B8%99%E0%B8%84%E0%B8%A3","https://www.google.com/maps/search/?api=1&query=%E0%B9%80%E0%B8%A3%E0%B8%B5%E0%B8%A2%E0%B8%99%E0%B8%94%E0%B8%99%E0%B8%95%E0%B8%A3%E0%B8%B5%E0%B8%A3%E0%B9%87%E0%B8%AD%E0%B8%81%20%E0%B9%80%E0%B8%82%E0%B8%95%E0%B8%88%E0%B8%AD%E0%B8%A1%E0%B8%97%E0%B8%AD%E0%B8%87%20%E0%B8%81%E0%B8%A3%E0%B8%B8%E0%B8%87%E0%B9%80%E0%B8%97%E0%B8%9E%E0%B8%A1%E0%B8%AB%E0%B8%B2%E0%B8%99%E0%B8%84%E0%B8%A3","https://www.google.com/maps/search/?api=1&query=%E0%B9%80%E0%B8%A3%E0%B8%B5%E0%B8%A2%E0%B8%99%E0%B8%94%E0%B8%99%E0%B8%95%E0%B8%A3%E0%B8%B5%E0%B9%81%E0%B8%88%E0%B9%8A%E0%B8%AA%20%E0%B9%80%E0%B8%82%E0%B8%95%E0%B8%88%E0%B8%AD%E0%B8%A1%E0%B8%97%E0%B8%AD%E0%B8%87%20%E0%B8%81%E0%B8%A3%E0%B8%B8%E0%B8%87%E0%B9%80%E0%B8%97%E0%B8%9E%E0%B8%A1%E0%B8%AB%E0%B8%B2%E0%B8%99%E0%B8%84%E0%B8%A3","not_scanned","not_started","not_started","",""
"กรุงธนเหนือ","บางกอกใหญ่","https://www.google.com/maps/search/?api=1&query=%E0%B9%82%E0%B8%A3%E0%B8%87%E0%B9%80%E0%B8%A3%E0%B8%B5%E0%B8%A2%E0%B8%99%E0%B8%94%E0%B8%99%E0%B8%95%E0%B8%A3%E0%B8%B5%20%E0%B9%80%E0%B8%82%E0%B8%95%E0%B8%9A%E0%B8%B2%E0%B8%87%E0%B8%81%E0%B8%AD%E0%B8%81%E0%B9%83%E0%B8%AB%E0%B8%8D%E0%B9%88%20%E0%B8%81%E0%B8%A3%E0%B8%B8%E0%B8%87%E0%B9%80%E0%B8%97%E0%B8%9E%E0%B8%A1%E0%B8%AB%E0%B8%B2%E0%B8%99%E0%B8%84%E0%B8%A3","https://www.google.com/maps/search/?api=1&query=%E0%B9%80%E0%B8%A3%E0%B8%B5%E0%B8%A2%E0%B8%99%E0%B8%94%E0%B8%99%E0%B8%95%E0%B8%A3%E0%B8%B5%E0%B9%84%E0%B8%97%E0%B8%A2%20%E0%B9%80%E0%B8%82%E0%B8%95%E0%B8%9A%E0%B8%B2%E0%B8%87%E0%B8%81%E0%B8%AD%E0%B8%81%E0%B9%83%E0%B8%AB%E0%B8%8D%E0%B9%88%20%E0%B8%81%E0%B8%A3%E0%B8%B8%E0%B8%87%E0%B9%80%E0%B8%97%E0%B8%9E%E0%B8%A1%E0%B8%AB%E0%B8%B2%E0%B8%99%E0%B8%84%E0%B8%A3","https://www.google.com/maps/search/?api=1&query=%E0%B9%80%E0%B8%A3%E0%B8%B5%E0%B8%A2%E0%B8%99%E0%B8%94%E0%B8%99%E0%B8%95%E0%B8%A3%E0%B8%B5%E0%B8%84%E0%B8%A5%E0%B8%B2%E0%B8%AA%E0%B8%AA%E0%B8%B4%E0%B8%81%20%E0%B9%80%E0%B8%82%E0%B8%95%E0%B8%9A%E0%B8%B2%E0%B8%87%E0%B8%81%E0%B8%AD%E0%B8%81%E0%B9%83%E0%B8%AB%E0%B8%8D%E0%B9%88%20%E0%B8%81%E0%B8%A3%E0%B8%B8%E0%B8%87%E0%B9%80%E0%B8%97%E0%B8%9E%E0%B8%A1%E0%B8%AB%E0%B8%B2%E0%B8%99%E0%B8%84%E0%B8%A3","https://www.google.com/maps/search/?api=1&query=%E0%B9%80%E0%B8%A3%E0%B8%B5%E0%B8%A2%E0%B8%99%E0%B8%A3%E0%B9%89%E0%B8%AD%E0%B8%87%E0%B9%80%E0%B8%9E%E0%B8%A5%E0%B8%87%E0%B8%9B%E0%B9%8A%E0%B8%AD%E0%B8%9B%20%E0%B9%80%E0%B8%82%E0%B8%95%E0%B8%9A%E0%B8%B2%E0%B8%87%E0%B8%81%E0%B8%AD%E0%B8%81%E0%B9%83%E0%B8%AB%E0%B8%8D%E0%B9%88%20%E0%B8%81%E0%B8%A3%E0%B8%B8%E0%B8%87%E0%B9%80%E0%B8%97%E0%B8%9E%E0%B8%A1%E0%B8%AB%E0%B8%B2%E0%B8%99%E0%B8%84%E0%B8%A3","https://www.google.com/maps/search/?api=1&query=%E0%B9%80%E0%B8%A3%E0%B8%B5%E0%B8%A2%E0%B8%99%E0%B8%94%E0%B8%99%E0%B8%95%E0%B8%A3%E0%B8%B5%E0%B8%A3%E0%B9%87%E0%B8%AD%E0%B8%81%20%E0%B9%80%E0%B8%82%E0%B8%95%E0%B8%9A%E0%B8%B2%E0%B8%87%E0%B8%81%E0%B8%AD%E0%B8%81%E0%B9%83%E0%B8%AB%E0%B8%8D%E0%B9%88%20%E0%B8%81%E0%B8%A3%E0%B8%B8%E0%B8%87%E0%B9%80%E0%B8%97%E0%B8%9E%E0%B8%A1%E0%B8%AB%E0%B8%B2%E0%B8%99%E0%B8%84%E0%B8%A3","https://www.google.com/maps/search/?api=1&query=%E0%B9%80%E0%B8%A3%E0%B8%B5%E0%B8%A2%E0%B8%99%E0%B8%94%E0%B8%99%E0%B8%95%E0%B8%A3%E0%B8%B5%E0%B9%81%E0%B8%88%E0%B9%8A%E0%B8%AA%20%E0%B9%80%E0%B8%82%E0%B8%95%E0%B8%9A%E0%B8%B2%E0%B8%87%E0%B8%81%E0%B8%AD%E0%B8%81%E0%B9%83%E0%B8%AB%E0%B8%8D%E0%B9%88%20%E0%B8%81%E0%B8%A3%E0%B8%B8%E0%B8%87%E0%B9%80%E0%B8%97%E0%B8%9E%E0%B8%A1%E0%B8%AB%E0%B8%B2%E0%B8%99%E0%B8%84%E0%B8%A3","not_scanned","not_started","not_started","",""
"กรุงธนเหนือ","บางกอกน้อย","https://www.google.com/maps/search/?api=1&query=%E0%B9%82%E0%B8%A3%E0%B8%87%E0%B9%80%E0%B8%A3%E0%B8%B5%E0%B8%A2%E0%B8%99%E0%B8%94%E0%B8%99%E0%B8%95%E0%B8%A3%E0%B8%B5%20%E0%B9%80%E0%B8%82%E0%B8%95%E0%B8%9A%E0%B8%B2%E0%B8%87%E0%B8%81%E0%B8%AD%E0%B8%81%E0%B8%99%E0%B9%89%E0%B8%AD%E0%B8%A2%20%E0%B8%81%E0%B8%A3%E0%B8%B8%E0%B8%87%E0%B9%80%E0%B8%97%E0%B8%9E%E0%B8%A1%E0%B8%AB%E0%B8%B2%E0%B8%99%E0%B8%84%E0%B8%A3","https://www.google.com/maps/search/?api=1&query=%E0%B9%80%E0%B8%A3%E0%B8%B5%E0%B8%A2%E0%B8%99%E0%B8%94%E0%B8%99%E0%B8%95%E0%B8%A3%E0%B8%B5%E0%B9%84%E0%B8%97%E0%B8%A2%20%E0%B9%80%E0%B8%82%E0%B8%95%E0%B8%9A%E0%B8%B2%E0%B8%87%E0%B8%81%E0%B8%AD%E0%B8%81%E0%B8%99%E0%B9%89%E0%B8%AD%E0%B8%A2%20%E0%B8%81%E0%B8%A3%E0%B8%B8%E0%B8%87%E0%B9%80%E0%B8%97%E0%B8%9E%E0%B8%A1%E0%B8%AB%E0%B8%B2%E0%B8%99%E0%B8%84%E0%B8%A3","https://www.google.com/maps/search/?api=1&query=%E0%B9%80%E0%B8%A3%E0%B8%B5%E0%B8%A2%E0%B8%99%E0%B8%94%E0%B8%99%E0%B8%95%E0%B8%A3%E0%B8%B5%E0%B8%84%E0%B8%A5%E0%B8%B2%E0%B8%AA%E0%B8%AA%E0%B8%B4%E0%B8%81%20%E0%B9%80%E0%B8%82%E0%B8%95%E0%B8%9A%E0%B8%B2%E0%B8%87%E0%B8%81%E0%B8%AD%E0%B8%81%E0%B8%99%E0%B9%89%E0%B8%AD%E0%B8%A2%20%E0%B8%81%E0%B8%A3%E0%B8%B8%E0%B8%87%E0%B9%80%E0%B8%97%E0%B8%9E%E0%B8%A1%E0%B8%AB%E0%B8%B2%E0%B8%99%E0%B8%84%E0%B8%A3","https://www.google.com/maps/search/?api=1&query=%E0%B9%80%E0%B8%A3%E0%B8%B5%E0%B8%A2%E0%B8%99%E0%B8%A3%E0%B9%89%E0%B8%AD%E0%B8%87%E0%B9%80%E0%B8%9E%E0%B8%A5%E0%B8%87%E0%B8%9B%E0%B9%8A%E0%B8%AD%E0%B8%9B%20%E0%B9%80%E0%B8%82%E0%B8%95%E0%B8%9A%E0%B8%B2%E0%B8%87%E0%B8%81%E0%B8%AD%E0%B8%81%E0%B8%99%E0%B9%89%E0%B8%AD%E0%B8%A2%20%E0%B8%81%E0%B8%A3%E0%B8%B8%E0%B8%87%E0%B9%80%E0%B8%97%E0%B8%9E%E0%B8%A1%E0%B8%AB%E0%B8%B2%E0%B8%99%E0%B8%84%E0%B8%A3","https://www.google.com/maps/search/?api=1&query=%E0%B9%80%E0%B8%A3%E0%B8%B5%E0%B8%A2%E0%B8%99%E0%B8%94%E0%B8%99%E0%B8%95%E0%B8%A3%E0%B8%B5%E0%B8%A3%E0%B9%87%E0%B8%AD%E0%B8%81%20%E0%B9%80%E0%B8%82%E0%B8%95%E0%B8%9A%E0%B8%B2%E0%B8%87%E0%B8%81%E0%B8%AD%E0%B8%81%E0%B8%99%E0%B9%89%E0%B8%AD%E0%B8%A2%20%E0%B8%81%E0%B8%A3%E0%B8%B8%E0%B8%87%E0%B9%80%E0%B8%97%E0%B8%9E%E0%B8%A1%E0%B8%AB%E0%B8%B2%E0%B8%99%E0%B8%84%E0%B8%A3","https://www.google.com/maps/search/?api=1&query=%E0%B9%80%E0%B8%A3%E0%B8%B5%E0%B8%A2%E0%B8%99%E0%B8%94%E0%B8%99%E0%B8%95%E0%B8%A3%E0%B8%B5%E0%B9%81%E0%B8%88%E0%B9%8A%E0%B8%AA%20%E0%B9%80%E0%B8%82%E0%B8%95%E0%B8%9A%E0%B8%B2%E0%B8%87%E0%B8%81%E0%B8%AD%E0%B8%81%E0%B8%99%E0%B9%89%E0%B8%AD%E0%B8%A2%20%E0%B8%81%E0%B8%A3%E0%B8%B8%E0%B8%87%E0%B9%80%E0%B8%97%E0%B8%9E%E0%B8%A1%E0%B8%AB%E0%B8%B2%E0%B8%99%E0%B8%84%E0%B8%A3","not_scanned","not_started","not_started","",""
"กรุงธนเหนือ","บางพลัด","https://www.google.com/maps/search/?api=1&query=%E0%B9%82%E0%B8%A3%E0%B8%87%E0%B9%80%E0%B8%A3%E0%B8%B5%E0%B8%A2%E0%B8%99%E0%B8%94%E0%B8%99%E0%B8%95%E0%B8%A3%E0%B8%B5%20%E0%B9%80%E0%B8%82%E0%B8%95%E0%B8%9A%E0%B8%B2%E0%B8%87%E0%B8%9E%E0%B8%A5%E0%B8%B1%E0%B8%94%20%E0%B8%81%E0%B8%A3%E0%B8%B8%E0%B8%87%E0%B9%80%E0%B8%97%E0%B8%9E%E0%B8%A1%E0%B8%AB%E0%B8%B2%E0%B8%99%E0%B8%84%E0%B8%A3","https://www.google.com/maps/search/?api=1&query=%E0%B9%80%E0%B8%A3%E0%B8%B5%E0%B8%A2%E0%B8%99%E0%B8%94%E0%B8%99%E0%B8%95%E0%B8%A3%E0%B8%B5%E0%B9%84%E0%B8%97%E0%B8%A2%20%E0%B9%80%E0%B8%82%E0%B8%95%E0%B8%9A%E0%B8%B2%E0%B8%87%E0%B8%9E%E0%B8%A5%E0%B8%B1%E0%B8%94%20%E0%B8%81%E0%B8%A3%E0%B8%B8%E0%B8%87%E0%B9%80%E0%B8%97%E0%B8%9E%E0%B8%A1%E0%B8%AB%E0%B8%B2%E0%B8%99%E0%B8%84%E0%B8%A3","https://www.google.com/maps/search/?api=1&query=%E0%B9%80%E0%B8%A3%E0%B8%B5%E0%B8%A2%E0%B8%99%E0%B8%94%E0%B8%99%E0%B8%95%E0%B8%A3%E0%B8%B5%E0%B8%84%E0%B8%A5%E0%B8%B2%E0%B8%AA%E0%B8%AA%E0%B8%B4%E0%B8%81%20%E0%B9%80%E0%B8%82%E0%B8%95%E0%B8%9A%E0%B8%B2%E0%B8%87%E0%B8%9E%E0%B8%A5%E0%B8%B1%E0%B8%94%20%E0%B8%81%E0%B8%A3%E0%B8%B8%E0%B8%87%E0%B9%80%E0%B8%97%E0%B8%9E%E0%B8%A1%E0%B8%AB%E0%B8%B2%E0%B8%99%E0%B8%84%E0%B8%A3","https://www.google.com/maps/search/?api=1&query=%E0%B9%80%E0%B8%A3%E0%B8%B5%E0%B8%A2%E0%B8%99%E0%B8%A3%E0%B9%89%E0%B8%AD%E0%B8%87%E0%B9%80%E0%B8%9E%E0%B8%A5%E0%B8%87%E0%B8%9B%E0%B9%8A%E0%B8%AD%E0%B8%9B%20%E0%B9%80%E0%B8%82%E0%B8%95%E0%B8%9A%E0%B8%B2%E0%B8%87%E0%B8%9E%E0%B8%A5%E0%B8%B1%E0%B8%94%20%E0%B8%81%E0%B8%A3%E0%B8%B8%E0%B8%87%E0%B9%80%E0%B8%97%E0%B8%9E%E0%B8%A1%E0%B8%AB%E0%B8%B2%E0%B8%99%E0%B8%84%E0%B8%A3","https://www.google.com/maps/search/?api=1&query=%E0%B9%80%E0%B8%A3%E0%B8%B5%E0%B8%A2%E0%B8%99%E0%B8%94%E0%B8%99%E0%B8%95%E0%B8%A3%E0%B8%B5%E0%B8%A3%E0%B9%87%E0%B8%AD%E0%B8%81%20%E0%B9%80%E0%B8%82%E0%B8%95%E0%B8%9A%E0%B8%B2%E0%B8%87%E0%B8%9E%E0%B8%A5%E0%B8%B1%E0%B8%94%20%E0%B8%81%E0%B8%A3%E0%B8%B8%E0%B8%87%E0%B9%80%E0%B8%97%E0%B8%9E%E0%B8%A1%E0%B8%AB%E0%B8%B2%E0%B8%99%E0%B8%84%E0%B8%A3","https://www.google.com/maps/search/?api=1&query=%E0%B9%80%E0%B8%A3%E0%B8%B5%E0%B8%A2%E0%B8%99%E0%B8%94%E0%B8%99%E0%B8%95%E0%B8%A3%E0%B8%B5%E0%B9%81%E0%B8%88%E0%B9%8A%E0%B8%AA%20%E0%B9%80%E0%B8%82%E0%B8%95%E0%B8%9A%E0%B8%B2%E0%B8%87%E0%B8%9E%E0%B8%A5%E0%B8%B1%E0%B8%94%20%E0%B8%81%E0%B8%A3%E0%B8%B8%E0%B8%87%E0%B9%80%E0%B8%97%E0%B8%9E%E0%B8%A1%E0%B8%AB%E0%B8%B2%E0%B8%99%E0%B8%84%E0%B8%A3","not_scanned","not_started","not_started","",""
"กรุงธนเหนือ","ตลิ่งชัน","https://www.google.com/maps/search/?api=1&query=%E0%B9%82%E0%B8%A3%E0%B8%87%E0%B9%80%E0%B8%A3%E0%B8%B5%E0%B8%A2%E0%B8%99%E0%B8%94%E0%B8%99%E0%B8%95%E0%B8%A3%E0%B8%B5%20%E0%B9%80%E0%B8%82%E0%B8%95%E0%B8%95%E0%B8%A5%E0%B8%B4%E0%B9%88%E0%B8%87%E0%B8%8A%E0%B8%B1%E0%B8%99%20%E0%B8%81%E0%B8%A3%E0%B8%B8%E0%B8%87%E0%B9%80%E0%B8%97%E0%B8%9E%E0%B8%A1%E0%B8%AB%E0%B8%B2%E0%B8%99%E0%B8%84%E0%B8%A3","https://www.google.com/maps/search/?api=1&query=%E0%B9%80%E0%B8%A3%E0%B8%B5%E0%B8%A2%E0%B8%99%E0%B8%94%E0%B8%99%E0%B8%95%E0%B8%A3%E0%B8%B5%E0%B9%84%E0%B8%97%E0%B8%A2%20%E0%B9%80%E0%B8%82%E0%B8%95%E0%B8%95%E0%B8%A5%E0%B8%B4%E0%B9%88%E0%B8%87%E0%B8%8A%E0%B8%B1%E0%B8%99%20%E0%B8%81%E0%B8%A3%E0%B8%B8%E0%B8%87%E0%B9%80%E0%B8%97%E0%B8%9E%E0%B8%A1%E0%B8%AB%E0%B8%B2%E0%B8%99%E0%B8%84%E0%B8%A3","https://www.google.com/maps/search/?api=1&query=%E0%B9%80%E0%B8%A3%E0%B8%B5%E0%B8%A2%E0%B8%99%E0%B8%94%E0%B8%99%E0%B8%95%E0%B8%A3%E0%B8%B5%E0%B8%84%E0%B8%A5%E0%B8%B2%E0%B8%AA%E0%B8%AA%E0%B8%B4%E0%B8%81%20%E0%B9%80%E0%B8%82%E0%B8%95%E0%B8%95%E0%B8%A5%E0%B8%B4%E0%B9%88%E0%B8%87%E0%B8%8A%E0%B8%B1%E0%B8%99%20%E0%B8%81%E0%B8%A3%E0%B8%B8%E0%B8%87%E0%B9%80%E0%B8%97%E0%B8%9E%E0%B8%A1%E0%B8%AB%E0%B8%B2%E0%B8%99%E0%B8%84%E0%B8%A3","https://www.google.com/maps/search/?api=1&query=%E0%B9%80%E0%B8%A3%E0%B8%B5%E0%B8%A2%E0%B8%99%E0%B8%A3%E0%B9%89%E0%B8%AD%E0%B8%87%E0%B9%80%E0%B8%9E%E0%B8%A5%E0%B8%87%E0%B8%9B%E0%B9%8A%E0%B8%AD%E0%B8%9B%20%E0%B9%80%E0%B8%82%E0%B8%95%E0%B8%95%E0%B8%A5%E0%B8%B4%E0%B9%88%E0%B8%87%E0%B8%8A%E0%B8%B1%E0%B8%99%20%E0%B8%81%E0%B8%A3%E0%B8%B8%E0%B8%87%E0%B9%80%E0%B8%97%E0%B8%9E%E0%B8%A1%E0%B8%AB%E0%B8%B2%E0%B8%99%E0%B8%84%E0%B8%A3","https://www.google.com/maps/search/?api=1&query=%E0%B9%80%E0%B8%A3%E0%B8%B5%E0%B8%A2%E0%B8%99%E0%B8%94%E0%B8%99%E0%B8%95%E0%B8%A3%E0%B8%B5%E0%B8%A3%E0%B9%87%E0%B8%AD%E0%B8%81%20%E0%B9%80%E0%B8%82%E0%B8%95%E0%B8%95%E0%B8%A5%E0%B8%B4%E0%B9%88%E0%B8%87%E0%B8%8A%E0%B8%B1%E0%B8%99%20%E0%B8%81%E0%B8%A3%E0%B8%B8%E0%B8%87%E0%B9%80%E0%B8%97%E0%B8%9E%E0%B8%A1%E0%B8%AB%E0%B8%B2%E0%B8%99%E0%B8%84%E0%B8%A3","https://www.google.com/maps/search/?api=1&query=%E0%B9%80%E0%B8%A3%E0%B8%B5%E0%B8%A2%E0%B8%99%E0%B8%94%E0%B8%99%E0%B8%95%E0%B8%A3%E0%B8%B5%E0%B9%81%E0%B8%88%E0%B9%8A%E0%B8%AA%20%E0%B9%80%E0%B8%82%E0%B8%95%E0%B8%95%E0%B8%A5%E0%B8%B4%E0%B9%88%E0%B8%87%E0%B8%8A%E0%B8%B1%E0%B8%99%20%E0%B8%81%E0%B8%A3%E0%B8%B8%E0%B8%87%E0%B9%80%E0%B8%97%E0%B8%9E%E0%B8%A1%E0%B8%AB%E0%B8%B2%E0%B8%99%E0%B8%84%E0%B8%A3","not_scanned","not_started","not_started","",""
"กรุงธนเหนือ","ทวีวัฒนา","https://www.google.com/maps/search/?api=1&query=%E0%B9%82%E0%B8%A3%E0%B8%87%E0%B9%80%E0%B8%A3%E0%B8%B5%E0%B8%A2%E0%B8%99%E0%B8%94%E0%B8%99%E0%B8%95%E0%B8%A3%E0%B8%B5%20%E0%B9%80%E0%B8%82%E0%B8%95%E0%B8%97%E0%B8%A7%E0%B8%B5%E0%B8%A7%E0%B8%B1%E0%B8%92%E0%B8%99%E0%B8%B2%20%E0%B8%81%E0%B8%A3%E0%B8%B8%E0%B8%87%E0%B9%80%E0%B8%97%E0%B8%9E%E0%B8%A1%E0%B8%AB%E0%B8%B2%E0%B8%99%E0%B8%84%E0%B8%A3","https://www.google.com/maps/search/?api=1&query=%E0%B9%80%E0%B8%A3%E0%B8%B5%E0%B8%A2%E0%B8%99%E0%B8%94%E0%B8%99%E0%B8%95%E0%B8%A3%E0%B8%B5%E0%B9%84%E0%B8%97%E0%B8%A2%20%E0%B9%80%E0%B8%82%E0%B8%95%E0%B8%97%E0%B8%A7%E0%B8%B5%E0%B8%A7%E0%B8%B1%E0%B8%92%E0%B8%99%E0%B8%B2%20%E0%B8%81%E0%B8%A3%E0%B8%B8%E0%B8%87%E0%B9%80%E0%B8%97%E0%B8%9E%E0%B8%A1%E0%B8%AB%E0%B8%B2%E0%B8%99%E0%B8%84%E0%B8%A3","https://www.google.com/maps/search/?api=1&query=%E0%B9%80%E0%B8%A3%E0%B8%B5%E0%B8%A2%E0%B8%99%E0%B8%94%E0%B8%99%E0%B8%95%E0%B8%A3%E0%B8%B5%E0%B8%84%E0%B8%A5%E0%B8%B2%E0%B8%AA%E0%B8%AA%E0%B8%B4%E0%B8%81%20%E0%B9%80%E0%B8%82%E0%B8%95%E0%B8%97%E0%B8%A7%E0%B8%B5%E0%B8%A7%E0%B8%B1%E0%B8%92%E0%B8%99%E0%B8%B2%20%E0%B8%81%E0%B8%A3%E0%B8%B8%E0%B8%87%E0%B9%80%E0%B8%97%E0%B8%9E%E0%B8%A1%E0%B8%AB%E0%B8%B2%E0%B8%99%E0%B8%84%E0%B8%A3","https://www.google.com/maps/search/?api=1&query=%E0%B9%80%E0%B8%A3%E0%B8%B5%E0%B8%A2%E0%B8%99%E0%B8%A3%E0%B9%89%E0%B8%AD%E0%B8%87%E0%B9%80%E0%B8%9E%E0%B8%A5%E0%B8%87%E0%B8%9B%E0%B9%8A%E0%B8%AD%E0%B8%9B%20%E0%B9%80%E0%B8%82%E0%B8%95%E0%B8%97%E0%B8%A7%E0%B8%B5%E0%B8%A7%E0%B8%B1%E0%B8%92%E0%B8%99%E0%B8%B2%20%E0%B8%81%E0%B8%A3%E0%B8%B8%E0%B8%87%E0%B9%80%E0%B8%97%E0%B8%9E%E0%B8%A1%E0%B8%AB%E0%B8%B2%E0%B8%99%E0%B8%84%E0%B8%A3","https://www.google.com/maps/search/?api=1&query=%E0%B9%80%E0%B8%A3%E0%B8%B5%E0%B8%A2%E0%B8%99%E0%B8%94%E0%B8%99%E0%B8%95%E0%B8%A3%E0%B8%B5%E0%B8%A3%E0%B9%87%E0%B8%AD%E0%B8%81%20%E0%B9%80%E0%B8%82%E0%B8%95%E0%B8%97%E0%B8%A7%E0%B8%B5%E0%B8%A7%E0%B8%B1%E0%B8%92%E0%B8%99%E0%B8%B2%20%E0%B8%81%E0%B8%A3%E0%B8%B8%E0%B8%87%E0%B9%80%E0%B8%97%E0%B8%9E%E0%B8%A1%E0%B8%AB%E0%B8%B2%E0%B8%99%E0%B8%84%E0%B8%A3","https://www.google.com/maps/search/?api=1&query=%E0%B9%80%E0%B8%A3%E0%B8%B5%E0%B8%A2%E0%B8%99%E0%B8%94%E0%B8%99%E0%B8%95%E0%B8%A3%E0%B8%B5%E0%B9%81%E0%B8%88%E0%B9%8A%E0%B8%AA%20%E0%B9%80%E0%B8%82%E0%B8%95%E0%B8%97%E0%B8%A7%E0%B8%B5%E0%B8%A7%E0%B8%B1%E0%B8%92%E0%B8%99%E0%B8%B2%20%E0%B8%81%E0%B8%A3%E0%B8%B8%E0%B8%87%E0%B9%80%E0%B8%97%E0%B8%9E%E0%B8%A1%E0%B8%AB%E0%B8%B2%E0%B8%99%E0%B8%84%E0%B8%A3","not_scanned","not_started","not_started","",""
"กรุงธนใต้","ภาษีเจริญ","https://www.google.com/maps/search/?api=1&query=%E0%B9%82%E0%B8%A3%E0%B8%87%E0%B9%80%E0%B8%A3%E0%B8%B5%E0%B8%A2%E0%B8%99%E0%B8%94%E0%B8%99%E0%B8%95%E0%B8%A3%E0%B8%B5%20%E0%B9%80%E0%B8%82%E0%B8%95%E0%B8%A0%E0%B8%B2%E0%B8%A9%E0%B8%B5%E0%B9%80%E0%B8%88%E0%B8%A3%E0%B8%B4%E0%B8%8D%20%E0%B8%81%E0%B8%A3%E0%B8%B8%E0%B8%87%E0%B9%80%E0%B8%97%E0%B8%9E%E0%B8%A1%E0%B8%AB%E0%B8%B2%E0%B8%99%E0%B8%84%E0%B8%A3","https://www.google.com/maps/search/?api=1&query=%E0%B9%80%E0%B8%A3%E0%B8%B5%E0%B8%A2%E0%B8%99%E0%B8%94%E0%B8%99%E0%B8%95%E0%B8%A3%E0%B8%B5%E0%B9%84%E0%B8%97%E0%B8%A2%20%E0%B9%80%E0%B8%82%E0%B8%95%E0%B8%A0%E0%B8%B2%E0%B8%A9%E0%B8%B5%E0%B9%80%E0%B8%88%E0%B8%A3%E0%B8%B4%E0%B8%8D%20%E0%B8%81%E0%B8%A3%E0%B8%B8%E0%B8%87%E0%B9%80%E0%B8%97%E0%B8%9E%E0%B8%A1%E0%B8%AB%E0%B8%B2%E0%B8%99%E0%B8%84%E0%B8%A3","https://www.google.com/maps/search/?api=1&query=%E0%B9%80%E0%B8%A3%E0%B8%B5%E0%B8%A2%E0%B8%99%E0%B8%94%E0%B8%99%E0%B8%95%E0%B8%A3%E0%B8%B5%E0%B8%84%E0%B8%A5%E0%B8%B2%E0%B8%AA%E0%B8%AA%E0%B8%B4%E0%B8%81%20%E0%B9%80%E0%B8%82%E0%B8%95%E0%B8%A0%E0%B8%B2%E0%B8%A9%E0%B8%B5%E0%B9%80%E0%B8%88%E0%B8%A3%E0%B8%B4%E0%B8%8D%20%E0%B8%81%E0%B8%A3%E0%B8%B8%E0%B8%87%E0%B9%80%E0%B8%97%E0%B8%9E%E0%B8%A1%E0%B8%AB%E0%B8%B2%E0%B8%99%E0%B8%84%E0%B8%A3","https://www.google.com/maps/search/?api=1&query=%E0%B9%80%E0%B8%A3%E0%B8%B5%E0%B8%A2%E0%B8%99%E0%B8%A3%E0%B9%89%E0%B8%AD%E0%B8%87%E0%B9%80%E0%B8%9E%E0%B8%A5%E0%B8%87%E0%B8%9B%E0%B9%8A%E0%B8%AD%E0%B8%9B%20%E0%B9%80%E0%B8%82%E0%B8%95%E0%B8%A0%E0%B8%B2%E0%B8%A9%E0%B8%B5%E0%B9%80%E0%B8%88%E0%B8%A3%E0%B8%B4%E0%B8%8D%20%E0%B8%81%E0%B8%A3%E0%B8%B8%E0%B8%87%E0%B9%80%E0%B8%97%E0%B8%9E%E0%B8%A1%E0%B8%AB%E0%B8%B2%E0%B8%99%E0%B8%84%E0%B8%A3","https://www.google.com/maps/search/?api=1&query=%E0%B9%80%E0%B8%A3%E0%B8%B5%E0%B8%A2%E0%B8%99%E0%B8%94%E0%B8%99%E0%B8%95%E0%B8%A3%E0%B8%B5%E0%B8%A3%E0%B9%87%E0%B8%AD%E0%B8%81%20%E0%B9%80%E0%B8%82%E0%B8%95%E0%B8%A0%E0%B8%B2%E0%B8%A9%E0%B8%B5%E0%B9%80%E0%B8%88%E0%B8%A3%E0%B8%B4%E0%B8%8D%20%E0%B8%81%E0%B8%A3%E0%B8%B8%E0%B8%87%E0%B9%80%E0%B8%97%E0%B8%9E%E0%B8%A1%E0%B8%AB%E0%B8%B2%E0%B8%99%E0%B8%84%E0%B8%A3","https://www.google.com/maps/search/?api=1&query=%E0%B9%80%E0%B8%A3%E0%B8%B5%E0%B8%A2%E0%B8%99%E0%B8%94%E0%B8%99%E0%B8%95%E0%B8%A3%E0%B8%B5%E0%B9%81%E0%B8%88%E0%B9%8A%E0%B8%AA%20%E0%B9%80%E0%B8%82%E0%B8%95%E0%B8%A0%E0%B8%B2%E0%B8%A9%E0%B8%B5%E0%B9%80%E0%B8%88%E0%B8%A3%E0%B8%B4%E0%B8%8D%20%E0%B8%81%E0%B8%A3%E0%B8%B8%E0%B8%87%E0%B9%80%E0%B8%97%E0%B8%9E%E0%B8%A1%E0%B8%AB%E0%B8%B2%E0%B8%99%E0%B8%84%E0%B8%A3","not_scanned","not_started","not_started","",""
"กรุงธนใต้","บางแค","https://www.google.com/maps/search/?api=1&query=%E0%B9%82%E0%B8%A3%E0%B8%87%E0%B9%80%E0%B8%A3%E0%B8%B5%E0%B8%A2%E0%B8%99%E0%B8%94%E0%B8%99%E0%B8%95%E0%B8%A3%E0%B8%B5%20%E0%B9%80%E0%B8%82%E0%B8%95%E0%B8%9A%E0%B8%B2%E0%B8%87%E0%B9%81%E0%B8%84%20%E0%B8%81%E0%B8%A3%E0%B8%B8%E0%B8%87%E0%B9%80%E0%B8%97%E0%B8%9E%E0%B8%A1%E0%B8%AB%E0%B8%B2%E0%B8%99%E0%B8%84%E0%B8%A3","https://www.google.com/maps/search/?api=1&query=%E0%B9%80%E0%B8%A3%E0%B8%B5%E0%B8%A2%E0%B8%99%E0%B8%94%E0%B8%99%E0%B8%95%E0%B8%A3%E0%B8%B5%E0%B9%84%E0%B8%97%E0%B8%A2%20%E0%B9%80%E0%B8%82%E0%B8%95%E0%B8%9A%E0%B8%B2%E0%B8%87%E0%B9%81%E0%B8%84%20%E0%B8%81%E0%B8%A3%E0%B8%B8%E0%B8%87%E0%B9%80%E0%B8%97%E0%B8%9E%E0%B8%A1%E0%B8%AB%E0%B8%B2%E0%B8%99%E0%B8%84%E0%B8%A3","https://www.google.com/maps/search/?api=1&query=%E0%B9%80%E0%B8%A3%E0%B8%B5%E0%B8%A2%E0%B8%99%E0%B8%94%E0%B8%99%E0%B8%95%E0%B8%A3%E0%B8%B5%E0%B8%84%E0%B8%A5%E0%B8%B2%E0%B8%AA%E0%B8%AA%E0%B8%B4%E0%B8%81%20%E0%B9%80%E0%B8%82%E0%B8%95%E0%B8%9A%E0%B8%B2%E0%B8%87%E0%B9%81%E0%B8%84%20%E0%B8%81%E0%B8%A3%E0%B8%B8%E0%B8%87%E0%B9%80%E0%B8%97%E0%B8%9E%E0%B8%A1%E0%B8%AB%E0%B8%B2%E0%B8%99%E0%B8%84%E0%B8%A3","https://www.google.com/maps/search/?api=1&query=%E0%B9%80%E0%B8%A3%E0%B8%B5%E0%B8%A2%E0%B8%99%E0%B8%A3%E0%B9%89%E0%B8%AD%E0%B8%87%E0%B9%80%E0%B8%9E%E0%B8%A5%E0%B8%87%E0%B8%9B%E0%B9%8A%E0%B8%AD%E0%B8%9B%20%E0%B9%80%E0%B8%82%E0%B8%95%E0%B8%9A%E0%B8%B2%E0%B8%87%E0%B9%81%E0%B8%84%20%E0%B8%81%E0%B8%A3%E0%B8%B8%E0%B8%87%E0%B9%80%E0%B8%97%E0%B8%9E%E0%B8%A1%E0%B8%AB%E0%B8%B2%E0%B8%99%E0%B8%84%E0%B8%A3","https://www.google.com/maps/search/?api=1&query=%E0%B9%80%E0%B8%A3%E0%B8%B5%E0%B8%A2%E0%B8%99%E0%B8%94%E0%B8%99%E0%B8%95%E0%B8%A3%E0%B8%B5%E0%B8%A3%E0%B9%87%E0%B8%AD%E0%B8%81%20%E0%B9%80%E0%B8%82%E0%B8%95%E0%B8%9A%E0%B8%B2%E0%B8%87%E0%B9%81%E0%B8%84%20%E0%B8%81%E0%B8%A3%E0%B8%B8%E0%B8%87%E0%B9%80%E0%B8%97%E0%B8%9E%E0%B8%A1%E0%B8%AB%E0%B8%B2%E0%B8%99%E0%B8%84%E0%B8%A3","https://www.google.com/maps/search/?api=1&query=%E0%B9%80%E0%B8%A3%E0%B8%B5%E0%B8%A2%E0%B8%99%E0%B8%94%E0%B8%99%E0%B8%95%E0%B8%A3%E0%B8%B5%E0%B9%81%E0%B8%88%E0%B9%8A%E0%B8%AA%20%E0%B9%80%E0%B8%82%E0%B8%95%E0%B8%9A%E0%B8%B2%E0%B8%87%E0%B9%81%E0%B8%84%20%E0%B8%81%E0%B8%A3%E0%B8%B8%E0%B8%87%E0%B9%80%E0%B8%97%E0%B8%9E%E0%B8%A1%E0%B8%AB%E0%B8%B2%E0%B8%99%E0%B8%84%E0%B8%A3","not_scanned","not_started","not_started","",""
"กรุงธนใต้","หนองแขม","https://www.google.com/maps/search/?api=1&query=%E0%B9%82%E0%B8%A3%E0%B8%87%E0%B9%80%E0%B8%A3%E0%B8%B5%E0%B8%A2%E0%B8%99%E0%B8%94%E0%B8%99%E0%B8%95%E0%B8%A3%E0%B8%B5%20%E0%B9%80%E0%B8%82%E0%B8%95%E0%B8%AB%E0%B8%99%E0%B8%AD%E0%B8%87%E0%B9%81%E0%B8%82%E0%B8%A1%20%E0%B8%81%E0%B8%A3%E0%B8%B8%E0%B8%87%E0%B9%80%E0%B8%97%E0%B8%9E%E0%B8%A1%E0%B8%AB%E0%B8%B2%E0%B8%99%E0%B8%84%E0%B8%A3","https://www.google.com/maps/search/?api=1&query=%E0%B9%80%E0%B8%A3%E0%B8%B5%E0%B8%A2%E0%B8%99%E0%B8%94%E0%B8%99%E0%B8%95%E0%B8%A3%E0%B8%B5%E0%B9%84%E0%B8%97%E0%B8%A2%20%E0%B9%80%E0%B8%82%E0%B8%95%E0%B8%AB%E0%B8%99%E0%B8%AD%E0%B8%87%E0%B9%81%E0%B8%82%E0%B8%A1%20%E0%B8%81%E0%B8%A3%E0%B8%B8%E0%B8%87%E0%B9%80%E0%B8%97%E0%B8%9E%E0%B8%A1%E0%B8%AB%E0%B8%B2%E0%B8%99%E0%B8%84%E0%B8%A3","https://www.google.com/maps/search/?api=1&query=%E0%B9%80%E0%B8%A3%E0%B8%B5%E0%B8%A2%E0%B8%99%E0%B8%94%E0%B8%99%E0%B8%95%E0%B8%A3%E0%B8%B5%E0%B8%84%E0%B8%A5%E0%B8%B2%E0%B8%AA%E0%B8%AA%E0%B8%B4%E0%B8%81%20%E0%B9%80%E0%B8%82%E0%B8%95%E0%B8%AB%E0%B8%99%E0%B8%AD%E0%B8%87%E0%B9%81%E0%B8%82%E0%B8%A1%20%E0%B8%81%E0%B8%A3%E0%B8%B8%E0%B8%87%E0%B9%80%E0%B8%97%E0%B8%9E%E0%B8%A1%E0%B8%AB%E0%B8%B2%E0%B8%99%E0%B8%84%E0%B8%A3","https://www.google.com/maps/search/?api=1&query=%E0%B9%80%E0%B8%A3%E0%B8%B5%E0%B8%A2%E0%B8%99%E0%B8%A3%E0%B9%89%E0%B8%AD%E0%B8%87%E0%B9%80%E0%B8%9E%E0%B8%A5%E0%B8%87%E0%B8%9B%E0%B9%8A%E0%B8%AD%E0%B8%9B%20%E0%B9%80%E0%B8%82%E0%B8%95%E0%B8%AB%E0%B8%99%E0%B8%AD%E0%B8%87%E0%B9%81%E0%B8%82%E0%B8%A1%20%E0%B8%81%E0%B8%A3%E0%B8%B8%E0%B8%87%E0%B9%80%E0%B8%97%E0%B8%9E%E0%B8%A1%E0%B8%AB%E0%B8%B2%E0%B8%99%E0%B8%84%E0%B8%A3","https://www.google.com/maps/search/?api=1&query=%E0%B9%80%E0%B8%A3%E0%B8%B5%E0%B8%A2%E0%B8%99%E0%B8%94%E0%B8%99%E0%B8%95%E0%B8%A3%E0%B8%B5%E0%B8%A3%E0%B9%87%E0%B8%AD%E0%B8%81%20%E0%B9%80%E0%B8%82%E0%B8%95%E0%B8%AB%E0%B8%99%E0%B8%AD%E0%B8%87%E0%B9%81%E0%B8%82%E0%B8%A1%20%E0%B8%81%E0%B8%A3%E0%B8%B8%E0%B8%87%E0%B9%80%E0%B8%97%E0%B8%9E%E0%B8%A1%E0%B8%AB%E0%B8%B2%E0%B8%99%E0%B8%84%E0%B8%A3","https://www.google.com/maps/search/?api=1&query=%E0%B9%80%E0%B8%A3%E0%B8%B5%E0%B8%A2%E0%B8%99%E0%B8%94%E0%B8%99%E0%B8%95%E0%B8%A3%E0%B8%B5%E0%B9%81%E0%B8%88%E0%B9%8A%E0%B8%AA%20%E0%B9%80%E0%B8%82%E0%B8%95%E0%B8%AB%E0%B8%99%E0%B8%AD%E0%B8%87%E0%B9%81%E0%B8%82%E0%B8%A1%20%E0%B8%81%E0%B8%A3%E0%B8%B8%E0%B8%87%E0%B9%80%E0%B8%97%E0%B8%9E%E0%B8%A1%E0%B8%AB%E0%B8%B2%E0%B8%99%E0%B8%84%E0%B8%A3","not_scanned","not_started","not_started","",""
"กรุงธนใต้","บางขุนเทียน","https://www.google.com/maps/search/?api=1&query=%E0%B9%82%E0%B8%A3%E0%B8%87%E0%B9%80%E0%B8%A3%E0%B8%B5%E0%B8%A2%E0%B8%99%E0%B8%94%E0%B8%99%E0%B8%95%E0%B8%A3%E0%B8%B5%20%E0%B9%80%E0%B8%82%E0%B8%95%E0%B8%9A%E0%B8%B2%E0%B8%87%E0%B8%82%E0%B8%B8%E0%B8%99%E0%B9%80%E0%B8%97%E0%B8%B5%E0%B8%A2%E0%B8%99%20%E0%B8%81%E0%B8%A3%E0%B8%B8%E0%B8%87%E0%B9%80%E0%B8%97%E0%B8%9E%E0%B8%A1%E0%B8%AB%E0%B8%B2%E0%B8%99%E0%B8%84%E0%B8%A3","https://www.google.com/maps/search/?api=1&query=%E0%B9%80%E0%B8%A3%E0%B8%B5%E0%B8%A2%E0%B8%99%E0%B8%94%E0%B8%99%E0%B8%95%E0%B8%A3%E0%B8%B5%E0%B9%84%E0%B8%97%E0%B8%A2%20%E0%B9%80%E0%B8%82%E0%B8%95%E0%B8%9A%E0%B8%B2%E0%B8%87%E0%B8%82%E0%B8%B8%E0%B8%99%E0%B9%80%E0%B8%97%E0%B8%B5%E0%B8%A2%E0%B8%99%20%E0%B8%81%E0%B8%A3%E0%B8%B8%E0%B8%87%E0%B9%80%E0%B8%97%E0%B8%9E%E0%B8%A1%E0%B8%AB%E0%B8%B2%E0%B8%99%E0%B8%84%E0%B8%A3","https://www.google.com/maps/search/?api=1&query=%E0%B9%80%E0%B8%A3%E0%B8%B5%E0%B8%A2%E0%B8%99%E0%B8%94%E0%B8%99%E0%B8%95%E0%B8%A3%E0%B8%B5%E0%B8%84%E0%B8%A5%E0%B8%B2%E0%B8%AA%E0%B8%AA%E0%B8%B4%E0%B8%81%20%E0%B9%80%E0%B8%82%E0%B8%95%E0%B8%9A%E0%B8%B2%E0%B8%87%E0%B8%82%E0%B8%B8%E0%B8%99%E0%B9%80%E0%B8%97%E0%B8%B5%E0%B8%A2%E0%B8%99%20%E0%B8%81%E0%B8%A3%E0%B8%B8%E0%B8%87%E0%B9%80%E0%B8%97%E0%B8%9E%E0%B8%A1%E0%B8%AB%E0%B8%B2%E0%B8%99%E0%B8%84%E0%B8%A3","https://www.google.com/maps/search/?api=1&query=%E0%B9%80%E0%B8%A3%E0%B8%B5%E0%B8%A2%E0%B8%99%E0%B8%A3%E0%B9%89%E0%B8%AD%E0%B8%87%E0%B9%80%E0%B8%9E%E0%B8%A5%E0%B8%87%E0%B8%9B%E0%B9%8A%E0%B8%AD%E0%B8%9B%20%E0%B9%80%E0%B8%82%E0%B8%95%E0%B8%9A%E0%B8%B2%E0%B8%87%E0%B8%82%E0%B8%B8%E0%B8%99%E0%B9%80%E0%B8%97%E0%B8%B5%E0%B8%A2%E0%B8%99%20%E0%B8%81%E0%B8%A3%E0%B8%B8%E0%B8%87%E0%B9%80%E0%B8%97%E0%B8%9E%E0%B8%A1%E0%B8%AB%E0%B8%B2%E0%B8%99%E0%B8%84%E0%B8%A3","https://www.google.com/maps/search/?api=1&query=%E0%B9%80%E0%B8%A3%E0%B8%B5%E0%B8%A2%E0%B8%99%E0%B8%94%E0%B8%99%E0%B8%95%E0%B8%A3%E0%B8%B5%E0%B8%A3%E0%B9%87%E0%B8%AD%E0%B8%81%20%E0%B9%80%E0%B8%82%E0%B8%95%E0%B8%9A%E0%B8%B2%E0%B8%87%E0%B8%82%E0%B8%B8%E0%B8%99%E0%B9%80%E0%B8%97%E0%B8%B5%E0%B8%A2%E0%B8%99%20%E0%B8%81%E0%B8%A3%E0%B8%B8%E0%B8%87%E0%B9%80%E0%B8%97%E0%B8%9E%E0%B8%A1%E0%B8%AB%E0%B8%B2%E0%B8%99%E0%B8%84%E0%B8%A3","https://www.google.com/maps/search/?api=1&query=%E0%B9%80%E0%B8%A3%E0%B8%B5%E0%B8%A2%E0%B8%99%E0%B8%94%E0%B8%99%E0%B8%95%E0%B8%A3%E0%B8%B5%E0%B9%81%E0%B8%88%E0%B9%8A%E0%B8%AA%20%E0%B9%80%E0%B8%82%E0%B8%95%E0%B8%9A%E0%B8%B2%E0%B8%87%E0%B8%82%E0%B8%B8%E0%B8%99%E0%B9%80%E0%B8%97%E0%B8%B5%E0%B8%A2%E0%B8%99%20%E0%B8%81%E0%B8%A3%E0%B8%B8%E0%B8%87%E0%B9%80%E0%B8%97%E0%B8%9E%E0%B8%A1%E0%B8%AB%E0%B8%B2%E0%B8%99%E0%B8%84%E0%B8%A3","not_scanned","not_started","not_started","",""
"กรุงธนใต้","บางบอน","https://www.google.com/maps/search/?api=1&query=%E0%B9%82%E0%B8%A3%E0%B8%87%E0%B9%80%E0%B8%A3%E0%B8%B5%E0%B8%A2%E0%B8%99%E0%B8%94%E0%B8%99%E0%B8%95%E0%B8%A3%E0%B8%B5%20%E0%B9%80%E0%B8%82%E0%B8%95%E0%B8%9A%E0%B8%B2%E0%B8%87%E0%B8%9A%E0%B8%AD%E0%B8%99%20%E0%B8%81%E0%B8%A3%E0%B8%B8%E0%B8%87%E0%B9%80%E0%B8%97%E0%B8%9E%E0%B8%A1%E0%B8%AB%E0%B8%B2%E0%B8%99%E0%B8%84%E0%B8%A3","https://www.google.com/maps/search/?api=1&query=%E0%B9%80%E0%B8%A3%E0%B8%B5%E0%B8%A2%E0%B8%99%E0%B8%94%E0%B8%99%E0%B8%95%E0%B8%A3%E0%B8%B5%E0%B9%84%E0%B8%97%E0%B8%A2%20%E0%B9%80%E0%B8%82%E0%B8%95%E0%B8%9A%E0%B8%B2%E0%B8%87%E0%B8%9A%E0%B8%AD%E0%B8%99%20%E0%B8%81%E0%B8%A3%E0%B8%B8%E0%B8%87%E0%B9%80%E0%B8%97%E0%B8%9E%E0%B8%A1%E0%B8%AB%E0%B8%B2%E0%B8%99%E0%B8%84%E0%B8%A3","https://www.google.com/maps/search/?api=1&query=%E0%B9%80%E0%B8%A3%E0%B8%B5%E0%B8%A2%E0%B8%99%E0%B8%94%E0%B8%99%E0%B8%95%E0%B8%A3%E0%B8%B5%E0%B8%84%E0%B8%A5%E0%B8%B2%E0%B8%AA%E0%B8%AA%E0%B8%B4%E0%B8%81%20%E0%B9%80%E0%B8%82%E0%B8%95%E0%B8%9A%E0%B8%B2%E0%B8%87%E0%B8%9A%E0%B8%AD%E0%B8%99%20%E0%B8%81%E0%B8%A3%E0%B8%B8%E0%B8%87%E0%B9%80%E0%B8%97%E0%B8%9E%E0%B8%A1%E0%B8%AB%E0%B8%B2%E0%B8%99%E0%B8%84%E0%B8%A3","https://www.google.com/maps/search/?api=1&query=%E0%B9%80%E0%B8%A3%E0%B8%B5%E0%B8%A2%E0%B8%99%E0%B8%A3%E0%B9%89%E0%B8%AD%E0%B8%87%E0%B9%80%E0%B8%9E%E0%B8%A5%E0%B8%87%E0%B8%9B%E0%B9%8A%E0%B8%AD%E0%B8%9B%20%E0%B9%80%E0%B8%82%E0%B8%95%E0%B8%9A%E0%B8%B2%E0%B8%87%E0%B8%9A%E0%B8%AD%E0%B8%99%20%E0%B8%81%E0%B8%A3%E0%B8%B8%E0%B8%87%E0%B9%80%E0%B8%97%E0%B8%9E%E0%B8%A1%E0%B8%AB%E0%B8%B2%E0%B8%99%E0%B8%84%E0%B8%A3","https://www.google.com/maps/search/?api=1&query=%E0%B9%80%E0%B8%A3%E0%B8%B5%E0%B8%A2%E0%B8%99%E0%B8%94%E0%B8%99%E0%B8%95%E0%B8%A3%E0%B8%B5%E0%B8%A3%E0%B9%87%E0%B8%AD%E0%B8%81%20%E0%B9%80%E0%B8%82%E0%B8%95%E0%B8%9A%E0%B8%B2%E0%B8%87%E0%B8%9A%E0%B8%AD%E0%B8%99%20%E0%B8%81%E0%B8%A3%E0%B8%B8%E0%B8%87%E0%B9%80%E0%B8%97%E0%B8%9E%E0%B8%A1%E0%B8%AB%E0%B8%B2%E0%B8%99%E0%B8%84%E0%B8%A3","https://www.google.com/maps/search/?api=1&query=%E0%B9%80%E0%B8%A3%E0%B8%B5%E0%B8%A2%E0%B8%99%E0%B8%94%E0%B8%99%E0%B8%95%E0%B8%A3%E0%B8%B5%E0%B9%81%E0%B8%88%E0%B9%8A%E0%B8%AA%20%E0%B9%80%E0%B8%82%E0%B8%95%E0%B8%9A%E0%B8%B2%E0%B8%87%E0%B8%9A%E0%B8%AD%E0%B8%99%20%E0%B8%81%E0%B8%A3%E0%B8%B8%E0%B8%87%E0%B9%80%E0%B8%97%E0%B8%9E%E0%B8%A1%E0%B8%AB%E0%B8%B2%E0%B8%99%E0%B8%84%E0%B8%A3","not_scanned","not_started","not_started","",""
"กรุงธนใต้","ราษฎร์บูรณะ","https://www.google.com/maps/search/?api=1&query=%E0%B9%82%E0%B8%A3%E0%B8%87%E0%B9%80%E0%B8%A3%E0%B8%B5%E0%B8%A2%E0%B8%99%E0%B8%94%E0%B8%99%E0%B8%95%E0%B8%A3%E0%B8%B5%20%E0%B9%80%E0%B8%82%E0%B8%95%E0%B8%A3%E0%B8%B2%E0%B8%A9%E0%B8%8E%E0%B8%A3%E0%B9%8C%E0%B8%9A%E0%B8%B9%E0%B8%A3%E0%B8%93%E0%B8%B0%20%E0%B8%81%E0%B8%A3%E0%B8%B8%E0%B8%87%E0%B9%80%E0%B8%97%E0%B8%9E%E0%B8%A1%E0%B8%AB%E0%B8%B2%E0%B8%99%E0%B8%84%E0%B8%A3","https://www.google.com/maps/search/?api=1&query=%E0%B9%80%E0%B8%A3%E0%B8%B5%E0%B8%A2%E0%B8%99%E0%B8%94%E0%B8%99%E0%B8%95%E0%B8%A3%E0%B8%B5%E0%B9%84%E0%B8%97%E0%B8%A2%20%E0%B9%80%E0%B8%82%E0%B8%95%E0%B8%A3%E0%B8%B2%E0%B8%A9%E0%B8%8E%E0%B8%A3%E0%B9%8C%E0%B8%9A%E0%B8%B9%E0%B8%A3%E0%B8%93%E0%B8%B0%20%E0%B8%81%E0%B8%A3%E0%B8%B8%E0%B8%87%E0%B9%80%E0%B8%97%E0%B8%9E%E0%B8%A1%E0%B8%AB%E0%B8%B2%E0%B8%99%E0%B8%84%E0%B8%A3","https://www.google.com/maps/search/?api=1&query=%E0%B9%80%E0%B8%A3%E0%B8%B5%E0%B8%A2%E0%B8%99%E0%B8%94%E0%B8%99%E0%B8%95%E0%B8%A3%E0%B8%B5%E0%B8%84%E0%B8%A5%E0%B8%B2%E0%B8%AA%E0%B8%AA%E0%B8%B4%E0%B8%81%20%E0%B9%80%E0%B8%82%E0%B8%95%E0%B8%A3%E0%B8%B2%E0%B8%A9%E0%B8%8E%E0%B8%A3%E0%B9%8C%E0%B8%9A%E0%B8%B9%E0%B8%A3%E0%B8%93%E0%B8%B0%20%E0%B8%81%E0%B8%A3%E0%B8%B8%E0%B8%87%E0%B9%80%E0%B8%97%E0%B8%9E%E0%B8%A1%E0%B8%AB%E0%B8%B2%E0%B8%99%E0%B8%84%E0%B8%A3","https://www.google.com/maps/search/?api=1&query=%E0%B9%80%E0%B8%A3%E0%B8%B5%E0%B8%A2%E0%B8%99%E0%B8%A3%E0%B9%89%E0%B8%AD%E0%B8%87%E0%B9%80%E0%B8%9E%E0%B8%A5%E0%B8%87%E0%B8%9B%E0%B9%8A%E0%B8%AD%E0%B8%9B%20%E0%B9%80%E0%B8%82%E0%B8%95%E0%B8%A3%E0%B8%B2%E0%B8%A9%E0%B8%8E%E0%B8%A3%E0%B9%8C%E0%B8%9A%E0%B8%B9%E0%B8%A3%E0%B8%93%E0%B8%B0%20%E0%B8%81%E0%B8%A3%E0%B8%B8%E0%B8%87%E0%B9%80%E0%B8%97%E0%B8%9E%E0%B8%A1%E0%B8%AB%E0%B8%B2%E0%B8%99%E0%B8%84%E0%B8%A3","https://www.google.com/maps/search/?api=1&query=%E0%B9%80%E0%B8%A3%E0%B8%B5%E0%B8%A2%E0%B8%99%E0%B8%94%E0%B8%99%E0%B8%95%E0%B8%A3%E0%B8%B5%E0%B8%A3%E0%B9%87%E0%B8%AD%E0%B8%81%20%E0%B9%80%E0%B8%82%E0%B8%95%E0%B8%A3%E0%B8%B2%E0%B8%A9%E0%B8%8E%E0%B8%A3%E0%B9%8C%E0%B8%9A%E0%B8%B9%E0%B8%A3%E0%B8%93%E0%B8%B0%20%E0%B8%81%E0%B8%A3%E0%B8%B8%E0%B8%87%E0%B9%80%E0%B8%97%E0%B8%9E%E0%B8%A1%E0%B8%AB%E0%B8%B2%E0%B8%99%E0%B8%84%E0%B8%A3","https://www.google.com/maps/search/?api=1&query=%E0%B9%80%E0%B8%A3%E0%B8%B5%E0%B8%A2%E0%B8%99%E0%B8%94%E0%B8%99%E0%B8%95%E0%B8%A3%E0%B8%B5%E0%B9%81%E0%B8%88%E0%B9%8A%E0%B8%AA%20%E0%B9%80%E0%B8%82%E0%B8%95%E0%B8%A3%E0%B8%B2%E0%B8%A9%E0%B8%8E%E0%B8%A3%E0%B9%8C%E0%B8%9A%E0%B8%B9%E0%B8%A3%E0%B8%93%E0%B8%B0%20%E0%B8%81%E0%B8%A3%E0%B8%B8%E0%B8%87%E0%B9%80%E0%B8%97%E0%B8%9E%E0%B8%A1%E0%B8%AB%E0%B8%B2%E0%B8%99%E0%B8%84%E0%B8%A3","not_scanned","not_started","not_started","",""
"กรุงธนใต้","ทุ่งครุ","https://www.google.com/maps/search/?api=1&query=%E0%B9%82%E0%B8%A3%E0%B8%87%E0%B9%80%E0%B8%A3%E0%B8%B5%E0%B8%A2%E0%B8%99%E0%B8%94%E0%B8%99%E0%B8%95%E0%B8%A3%E0%B8%B5%20%E0%B9%80%E0%B8%82%E0%B8%95%E0%B8%97%E0%B8%B8%E0%B9%88%E0%B8%87%E0%B8%84%E0%B8%A3%E0%B8%B8%20%E0%B8%81%E0%B8%A3%E0%B8%B8%E0%B8%87%E0%B9%80%E0%B8%97%E0%B8%9E%E0%B8%A1%E0%B8%AB%E0%B8%B2%E0%B8%99%E0%B8%84%E0%B8%A3","https://www.google.com/maps/search/?api=1&query=%E0%B9%80%E0%B8%A3%E0%B8%B5%E0%B8%A2%E0%B8%99%E0%B8%94%E0%B8%99%E0%B8%95%E0%B8%A3%E0%B8%B5%E0%B9%84%E0%B8%97%E0%B8%A2%20%E0%B9%80%E0%B8%82%E0%B8%95%E0%B8%97%E0%B8%B8%E0%B9%88%E0%B8%87%E0%B8%84%E0%B8%A3%E0%B8%B8%20%E0%B8%81%E0%B8%A3%E0%B8%B8%E0%B8%87%E0%B9%80%E0%B8%97%E0%B8%9E%E0%B8%A1%E0%B8%AB%E0%B8%B2%E0%B8%99%E0%B8%84%E0%B8%A3","https://www.google.com/maps/search/?api=1&query=%E0%B9%80%E0%B8%A3%E0%B8%B5%E0%B8%A2%E0%B8%99%E0%B8%94%E0%B8%99%E0%B8%95%E0%B8%A3%E0%B8%B5%E0%B8%84%E0%B8%A5%E0%B8%B2%E0%B8%AA%E0%B8%AA%E0%B8%B4%E0%B8%81%20%E0%B9%80%E0%B8%82%E0%B8%95%E0%B8%97%E0%B8%B8%E0%B9%88%E0%B8%87%E0%B8%84%E0%B8%A3%E0%B8%B8%20%E0%B8%81%E0%B8%A3%E0%B8%B8%E0%B8%87%E0%B9%80%E0%B8%97%E0%B8%9E%E0%B8%A1%E0%B8%AB%E0%B8%B2%E0%B8%99%E0%B8%84%E0%B8%A3","https://www.google.com/maps/search/?api=1&query=%E0%B9%80%E0%B8%A3%E0%B8%B5%E0%B8%A2%E0%B8%99%E0%B8%A3%E0%B9%89%E0%B8%AD%E0%B8%87%E0%B9%80%E0%B8%9E%E0%B8%A5%E0%B8%87%E0%B8%9B%E0%B9%8A%E0%B8%AD%E0%B8%9B%20%E0%B9%80%E0%B8%82%E0%B8%95%E0%B8%97%E0%B8%B8%E0%B9%88%E0%B8%87%E0%B8%84%E0%B8%A3%E0%B8%B8%20%E0%B8%81%E0%B8%A3%E0%B8%B8%E0%B8%87%E0%B9%80%E0%B8%97%E0%B8%9E%E0%B8%A1%E0%B8%AB%E0%B8%B2%E0%B8%99%E0%B8%84%E0%B8%A3","https://www.google.com/maps/search/?api=1&query=%E0%B9%80%E0%B8%A3%E0%B8%B5%E0%B8%A2%E0%B8%99%E0%B8%94%E0%B8%99%E0%B8%95%E0%B8%A3%E0%B8%B5%E0%B8%A3%E0%B9%87%E0%B8%AD%E0%B8%81%20%E0%B9%80%E0%B8%82%E0%B8%95%E0%B8%97%E0%B8%B8%E0%B9%88%E0%B8%87%E0%B8%84%E0%B8%A3%E0%B8%B8%20%E0%B8%81%E0%B8%A3%E0%B8%B8%E0%B8%87%E0%B9%80%E0%B8%97%E0%B8%9E%E0%B8%A1%E0%B8%AB%E0%B8%B2%E0%B8%99%E0%B8%84%E0%B8%A3","https://www.google.com/maps/search/?api=1&query=%E0%B9%80%E0%B8%A3%E0%B8%B5%E0%B8%A2%E0%B8%99%E0%B8%94%E0%B8%99%E0%B8%95%E0%B8%A3%E0%B8%B5%E0%B9%81%E0%B8%88%E0%B9%8A%E0%B8%AA%20%E0%B9%80%E0%B8%82%E0%B8%95%E0%B8%97%E0%B8%B8%E0%B9%88%E0%B8%87%E0%B8%84%E0%B8%A3%E0%B8%B8%20%E0%B8%81%E0%B8%A3%E0%B8%B8%E0%B8%87%E0%B9%80%E0%B8%97%E0%B8%9E%E0%B8%A1%E0%B8%AB%E0%B8%B2%E0%B8%99%E0%B8%84%E0%B8%A3","not_scanned","not_started","not_started","",""
